treatment,timepoint,Material,description,Class,Class_relative_abundance,st_dev_abundance
NA,NA,negative_c,negative_c_, Gammaproteobacteria,0.45174066301907506,4.409703176566699e-4
UV,T1,PP,PP_UV_T1, Gammaproteobacteria,0.5325262950045547,6.162069221367543e-4
NA,NA,negative_c,negative_c_,unassigned,0.04460986229082411,2.678769970417854e-4
UV,T1,PS,PS_UV_T1, Gammaproteobacteria,0.7291096497450162,0.0013393800426745144
UV,T1,Nylon,Nylon_UV_T1, Gammaproteobacteria,0.46407653792246695,6.053240971277666e-4
NA,NA,negative_c,negative_c_, Actinobacteria,0.04344479828803077,1.0251461919008881e-4
no UV,T6,PP,PP_no UV_T6, Gammaproteobacteria,0.5110425574119961,2.3918451051456905e-4
no UV,T6,Nylon,Nylon_no UV_T6, Gammaproteobacteria,0.42868823223733504,2.458726575260226e-4
no UV,T1,PE,PE_no UV_T1, Gammaproteobacteria,0.5404735734632434,6.051715270357138e-4
UV,T6,PS,PS_UV_T6, Bacilli,0.0823325099903434,5.29792895568003e-4
UV,T1,PS,PS_UV_T1,unassigned,0.11941151095783872,0.0012161910052538685
NA,NA,negative_c,negative_c_, Bacilli,0.030217852780775364,8.318189514249992e-5
no UV,T1,Nylon,Nylon_no UV_T1, Gammaproteobacteria,0.4562504509583686,5.14563513465107e-4
UV,T1,PE,PE_UV_T1, Gammaproteobacteria,0.4975298637989121,8.322922542506975e-4
UV,T1,PP,PP_UV_T1, Actinobacteria,0.15439198469863336,4.50413311208185e-4
NA,NA,negative_c,negative_c_, Oxyphotobacteria,0.0250552770508112,1.6960405331327893e-4
UV,T1,PET,PET_UV_T1, Gammaproteobacteria,0.6004657542810334,7.38983328668166e-4
UV,T6,Nylon,Nylon_UV_T6, Oxyphotobacteria,0.07354544516689288,3.9784113581005414e-4
UV,T1,PP,PP_UV_T1,unassigned,0.08573547925357061,7.082233642659013e-4
NA,NA,negative_c,negative_c_, Alphaproteobacteria,0.20488674938523213,3.4422652715953386e-5
UV,T1,PP,PP_UV_T1, Alphaproteobacteria,0.06906479061951844,7.335074579423191e-5
UV,T1,PS,PS_UV_T1, Actinobacteria,0.08024431190753209,4.2044723005474154e-4
UV,T1,Nylon,Nylon_UV_T1, Actinobacteria,0.2244367998631307,7.184325509382657e-4
no UV,T1,PE,PE_no UV_T1,unassigned,0.1569295527879997,0.0011687325524920198
UV,T6,PS,PS_UV_T6, Gammaproteobacteria,0.3879355741989378,1.3419739885127947e-4
UV,T6,PS,PS_UV_T6, Actinobacteria,0.05314808551186216,1.8592565178940755e-4
no UV,T6,PP,PP_no UV_T6, Actinobacteria,0.0304188665517824,6.791902146416504e-5
no UV,T6,PET,PET_no UV_T6, Anaerolineae,0.030593098766166876,0.0010423201530582033
no UV,T6,PP,PP_no UV_T6, Woesearchaeia,0.013386698993856397,5.168028549815833e-4
no UV,T6,PET,PET_no UV_T6, Actinobacteria,0.13865146720697605,4.847579889812709e-4
no UV,T1,PP,PP_no UV_T1,unassigned,0.09067186140123608,7.113707780576137e-4
no UV,T1,PS,PS_no UV_T1, Gammaproteobacteria,0.33821483724783513,2.886028713627428e-4
no UV,T1,PP,PP_no UV_T1, Bacteroidia,0.27636199391080357,2.0732870015902007e-4
no UV,T6,PS,PS_no UV_T6, Actinobacteria,0.20998207936241234,7.457229542913972e-4
UV,T1,Nylon,Nylon_UV_T1,unassigned,0.08774895946899444,5.918340672137771e-4
UV,T6,PS,PS_UV_T6, Bacteroidia,0.19488556146787125,8.353201683469127e-5
no UV,T1,PP,PP_no UV_T1, Gammaproteobacteria,0.36168906286630786,2.796466218747195e-4
UV,T6,PS,PS_UV_T6, Alphaproteobacteria,0.20604366650222058,4.605839309931562e-5
no UV,T6,PP,PP_no UV_T6, Alphaproteobacteria,0.17846356344158745,5.284327670082012e-5
UV,T6,Nylon,Nylon_UV_T6, Gammaproteobacteria,0.3097949055086944,1.035468057481991e-4
no UV,T1,PE,PE_no UV_T1, Actinobacteria,0.10333242712354955,2.610042116485407e-4
UV,T6,Nylon,Nylon_UV_T6, Bacteroidia,0.19722258941049278,8.235883306054068e-5
no UV,T6,PE,PE_no UV_T6, Gammaproteobacteria,0.3717569184839539,2.7885066244545404e-4
UV,T6,PE,PE_UV_T6, Alphaproteobacteria,0.45554458409800336,1.595090433417036e-4
no UV,T6,Nylon,Nylon_no UV_T6, Alphaproteobacteria,0.28129781569440737,9.686105770780134e-5
UV,T1,PP,PP_UV_T1, Blastocatellia (Subgroup 4),0.00801297188375681,6.097582836698546e-4
NA,NA,negative_c,negative_c_, Bacteroidia,0.1574620432159419,3.6159204665763264e-5
UV,T6,PP,PP_UV_T6, Alphaproteobacteria,0.33452862139642964,9.795034368159197e-5
no UV,T6,Nylon,Nylon_no UV_T6, Actinobacteria,0.055797059008562036,1.5590471738928313e-4
UV,T1,PP,PP_UV_T1, Bacteroidia,0.10595573942670093,1.2117562782005302e-4
no UV,T6,PET,PET_no UV_T6, Bacteroidia,0.21495045372500432,1.1222373837344976e-4
UV,T6,PP,PP_UV_T6, Gammaproteobacteria,0.3247250871579265,1.0050960521338e-4
UV,T1,PP,PP_UV_T1, Melainabacteria,0.009513499582942177,3.5153006203978733e-4
UV,T1,PE,PE_UV_T1,unassigned,0.08252274913662677,7.655427043901088e-4
UV,T1,PET,PET_UV_T1,unassigned,0.09332977171969603,6.896741489377371e-4
UV,T1,PS,PS_UV_T1, Bacilli,0.027446011523221493,2.0182454973838301e-4
UV,T6,PP,PP_UV_T6, Actinobacteria,0.03149042395216368,8.663290656722734e-5
no UV,T6,PP,PP_no UV_T6, Bacilli,0.01615174252812545,5.2819201699949335e-5
no UV,T1,PP,PP_no UV_T1, Actinobacteria,0.08691778223258942,2.2411637809404046e-4
no UV,T6,PS,PS_no UV_T6, Bacteroidia,0.2884032968194714,1.8079073134378616e-4
UV,T1,PE,PE_UV_T1, Actinobacteria,0.19858705343427335,9.518120847468869e-4
no UV,T1,PS,PS_no UV_T1,unassigned,0.07605017269310425,5.762061414680603e-4
no UV,T6,PE,PE_no UV_T6, Alphaproteobacteria,0.38452559205877757,9.838642321188066e-5
no UV,T6,PP,PP_no UV_T6, Bacteroidia,0.15502170755681,5.9875490381236206e-5
no UV,T6,PET,PET_no UV_T6, Alphaproteobacteria,0.23008963657493994,7.345161288085723e-5
no UV,T1,Nylon,Nylon_no UV_T1,unassigned,0.06490168400752983,4.477743381795373e-4
no UV,T1,Nylon,Nylon_no UV_T1, Actinobacteria,0.20748128697136412,6.417765273061038e-4
UV,T1,PS,PS_UV_T1, Clostridia,0.018876833744736136,3.896358753237418e-4
no UV,T1,PET,PET_no UV_T1, Gammaproteobacteria,0.3988758998993755,4.5188668217369284e-4
no UV,T6,PS,PS_no UV_T6, Alphaproteobacteria,0.21484543178566728,7.55466274645509e-5
no UV,T6,PS,PS_no UV_T6, Gammaproteobacteria,0.19996469404300526,6.951882976318443e-5
no UV,T1,PS,PS_no UV_T1, Bacteroidia,0.21209658955374847,1.717381805303464e-4
no UV,T6,PP,PP_no UV_T6, Phycisphaerae,0.01052667379218413,7.676046492219713e-5
no UV,T1,PE,PE_no UV_T1, Bacilli,0.030230831032197245,1.1874190535440383e-4
UV,T1,Nylon,Nylon_UV_T1, Bacteroidia,0.029660902720633372,4.579188518447971e-5
no UV,T6,PET,PET_no UV_T6, Bacilli,0.06593367441660558,2.3886599946818844e-4
UV,T6,Nylon,Nylon_UV_T6, Alphaproteobacteria,0.33242658802406344,4.719606504870145e-5
no UV,T6,Nylon,Nylon_no UV_T6, Bacilli,0.023801628751315838,1.0276420383353045e-4
no UV,T6,PET,PET_no UV_T6, Verrucomicrobiae,0.03249379531182453,1.2874476400992523e-4
NA,NA,negative_c,negative_c_, Verrucomicrobiae,0.007304379016272166,2.5844687174008097e-5
no UV,T1,Nylon,Nylon_no UV_T1, Bacteroidia,0.13007806545044776,1.2270227146747982e-4
no UV,T6,Nylon,Nylon_no UV_T6, Phycisphaerae,0.01557264076877952,3.257746155973246e-4
UV,T6,PE,PE_UV_T6, Gammaproteobacteria,0.26761316981562844,5.482698366921162e-5
UV,T6,PS,PS_UV_T6,unassigned,0.007215742188860294,4.655481218467786e-5
UV,T6,PS,PS_UV_T6, Deltaproteobacteria,0.014837634799686208,7.680780712275584e-5
no UV,T6,PE,PE_no UV_T6, Bacteroidia,0.13219496285568197,7.58612258820572e-5
UV,T6,Nylon,Nylon_UV_T6, Verrucomicrobiae,0.027838288404620017,1.0492562811191093e-4
no UV,T1,PE,PE_no UV_T1, Bacteroidia,0.08999978404610552,6.759545301411142e-5
no UV,T1,PET,PET_no UV_T1, Chloroflexia,0.051748009691934924,0.009219670020939723
UV,T1,Nylon,Nylon_UV_T1, Deinococci,0.003489960346829852,4.0413145999910165e-4
UV,T1,PS,PS_UV_T1, Alphaproteobacteria,0.020952990211156212,2.6823801975947267e-5
UV,T6,PE,PE_UV_T6, Bacteroidia,0.18497388888112726,5.1017346457212816e-5
UV,T1,PET,PET_UV_T1, Actinobacteria,0.09124270892189093,2.0661281892333155e-4
NA,NA,negative_c,negative_c_, Clostridia,9.126746673979274e-4,1.1726906974978644e-5
UV,T6,PET,PET_UV_T6, Alphaproteobacteria,0.2520526283565404,6.341995282158457e-5
UV,T6,PP,PP_UV_T6, Bacteroidia,0.1527380423841067,4.8409500457590906e-5
no UV,T6,PP,PP_no UV_T6, Verrucomicrobiae,0.02057771275107174,4.9734518026267703e-5
no UV,T6,PET,PET_no UV_T6, Gammaproteobacteria,0.1968996079441313,6.394073333631989e-5
UV,T1,PET,PET_UV_T1, Alphaproteobacteria,0.06233733599690453,6.022382637621745e-5
no UV,T6,Nylon,Nylon_no UV_T6,unassigned,0.005215779467777555,3.8617248934793934e-5
no UV,T6,Nylon,Nylon_no UV_T6, Bacteroidia,0.1253856454764821,6.635147625528993e-5
no UV,T1,PS,PS_no UV_T1, Actinobacteria,0.15423648995656544,4.1421327805449975e-4
no UV,T1,PET,PET_no UV_T1,unassigned,0.10584097554960667,7.31661128313019e-4
no UV,T6,PP,PP_no UV_T6,unassigned,0.009324295625575036,7.100765388172689e-5
no UV,T1,PP,PP_no UV_T1, Lentisphaeria,0.02021962494423688,6.930097761221861e-4
UV,T1,Nylon,Nylon_UV_T1, Bacilli,0.05882996359898623,1.928984701679046e-4
no UV,T6,PP,PP_no UV_T6, Oxyphotobacteria,0.013538514581190332,4.750456764334146e-5
no UV,T6,PE,PE_no UV_T6, Actinobacteria,0.03236584603437327,8.694081189793954e-5
UV,T6,Nylon,Nylon_UV_T6, Woesearchaeia,0.002438894484701882,1.2137804869159972e-4
no UV,T1,Nylon,Nylon_no UV_T1, Alphaproteobacteria,0.1059289303329957,7.200420624741881e-5
no UV,T6,Nylon,Nylon_no UV_T6, Oxyphotobacteria,0.015160197744388095,6.376511577223403e-5
no UV,T6,PET,PET_no UV_T6, Oxyphotobacteria,0.019696611916306006,7.845639113760461e-5
UV,T6,PP,PP_UV_T6, Phycisphaerae,0.008686444753522139,9.22421315818338e-5
UV,T6,PET,PET_UV_T6, Oxyphotobacteria,0.033704099073012826,1.0195679130157485e-4
UV,T6,PET,PET_UV_T6, Bacteroidia,0.28525936228231324,1.3720570908286323e-4
UV,T6,PP,PP_UV_T6, Oxyphotobacteria,0.020148223586870368,5.499517256331503e-5
no UV,T6,PET,PET_no UV_T6,unassigned,0.010376499866193467,1.0205435339020396e-4
UV,T6,PS,PS_UV_T6, Woesearchaeia,0.005255121705357408,1.987976402753487e-4
UV,T6,PP,PP_UV_T6, Verrucomicrobiae,0.02828928756207224,6.718814090568964e-5
UV,T1,Nylon,Nylon_UV_T1, Deltaproteobacteria,0.0022925429174865063,3.076732056699534e-5
no UV,T6,PE,PE_no UV_T6, Bacilli,0.020426561451790712,9.487785820656959e-5
UV,T1,PP,PP_UV_T1, Clostridia,0.007283000172264309,1.0511813435704786e-4
no UV,T1,PET,PET_no UV_T1, Actinobacteria,0.15217911268465115,4.0322748429694465e-4
UV,T6,PS,PS_UV_T6, Oxyphotobacteria,0.012712247239125134,4.915059708657663e-5
UV,T1,Nylon,Nylon_UV_T1, Gracilibacteria,0.0037234244742728184,2.8417855742006166e-4
UV,T1,Nylon,Nylon_UV_T1, Alphaproteobacteria,0.10298019006728822,9.640773167391205e-5
UV,T6,PE,PE_UV_T6, Acidimicrobiia,0.015726627069686732,5.528958716662344e-5
no UV,T6,PP,PP_no UV_T6, Acidimicrobiia,0.007626052521040708,2.9876664418797134e-5
UV,T6,PS,PS_UV_T6, Acidobacteriia,0.0018001251779354505,2.1518270002136318e-4
UV,T6,PE,PE_UV_T6, Phycisphaerae,0.0054583844835507924,6.438931737341108e-5
NA,NA,negative_c,negative_c_, Deltaproteobacteria,0.006641945549037961,8.010627860859948e-6
UV,T1,PE,PE_UV_T1, Bacilli,0.01949144672632652,1.1634395890935076e-4
no UV,T6,Nylon,Nylon_no UV_T6, Melainabacteria,0.006570738512803011,1.3534048946612346e-4
UV,T1,PE,PE_UV_T1, Bacteroidia,0.09031310388693006,8.330024857363495e-5
no UV,T6,Nylon,Nylon_no UV_T6, Clostridia,0.0034113723516773285,4.7378780100606216e-5
UV,T1,PP,PP_UV_T1, Verrucomicrobiae,0.006664762448824146,4.437275362501329e-5
no UV,T6,PE,PE_no UV_T6, Melainabacteria,0.00538408045235291,2.743511467284781e-4
no UV,T6,PE,PE_no UV_T6,unassigned,0.009910696575740898,7.735994689827678e-5
no UV,T6,PE,PE_no UV_T6, Acidimicrobiia,0.012934344755827458,5.30321903191218e-5
UV,T1,PP,PP_UV_T1, Bacilli,0.009906657359597885,3.4023407550908876e-5
UV,T6,PP,PP_UV_T6, Anaerolineae,0.003451038725312806,7.429347296144283e-5
no UV,T6,PS,PS_no UV_T6,unassigned,0.008920495994064182,7.193221209608945e-5
UV,T1,PE,PE_UV_T1, Alphaproteobacteria,0.08021250330051422,4.650639231155739e-5
UV,T6,PS,PS_UV_T6, vadinHA49,0.002320302470550917,1.902559505821012e-4
no UV,T1,PE,PE_no UV_T1, Alphaproteobacteria,0.04598370278225418,1.826147317979407e-5
no UV,T1,PS,PS_no UV_T1, Bacilli,0.04737372709566514,1.7020041695271117e-4
no UV,T6,PET,PET_no UV_T6, Planctomycetacia,0.00834720652399422,1.0521192338393705e-4
UV,T6,PP,PP_UV_T6, BD7-11,0.0030494212458834114,1.6094228733786424e-4
UV,T1,PET,PET_UV_T1, Bacteroidia,0.09153982128391142,1.3728744613355435e-4
no UV,T6,PS,PS_no UV_T6, Phycisphaerae,0.007704429977896202,9.976507449563175e-5
no UV,T1,Nylon,Nylon_no UV_T1, Melainabacteria,0.00976199799844119,2.7984339409186125e-4
UV,T6,PET,PET_UV_T6, Verrucomicrobiae,0.036288570179000515,8.339734045474594e-5
UV,T6,PS,PS_UV_T6, Rhodothermia,0.0015197994772112849,3.337050513331763e-5
UV,T6,PE,PE_UV_T6, Verrucomicrobiae,0.013027601150865905,3.231226111790616e-5
UV,T6,PS,PS_UV_T6, Hydrogenedentia,0.0018530048326366034,2.8581188067686815e-4
NA,NA,negative_c,negative_c_, Phycisphaerae,0.0020170714134766206,1.4019445465087754e-5
UV,T6,Nylon,Nylon_UV_T6, Actinobacteria,0.004327519039162591,1.1027716702823308e-5
NA,NA,negative_c,negative_c_, Acidimicrobiia,0.00869718543876686,1.7479119470980214e-5
no UV,T6,Nylon,Nylon_no UV_T6, Deltaproteobacteria,0.012319273217514711,4.812526684759743e-5
UV,T6,PS,PS_UV_T6, Phycisphaerae,0.0031248489171882697,3.886295338741594e-5
UV,T1,PE,PE_UV_T1, Negativicutes,0.007308475704642917,6.66081303577468e-4
no UV,T1,PP,PP_no UV_T1, Fusobacteriia,0.007218600049453291,2.4843428745689814e-4
no UV,T6,PS,PS_no UV_T6, Bacilli,0.01662334299388539,8.211536647826429e-5
no UV,T1,PS,PS_no UV_T1, Alphaproteobacteria,0.12995685647608496,9.043513578158142e-5
UV,T6,PET,PET_UV_T6, Deltaproteobacteria,0.02389653914799406,6.877551281243826e-5
UV,T6,PET,PET_UV_T6, Bacilli,0.01670707715171468,1.1534922522068854e-4
UV,T6,PS,PS_UV_T6, Planctomycetacia,0.001182542434141776,1.59486730002222e-5
no UV,T6,PS,PS_no UV_T6, Verrucomicrobiae,0.011645000082121491,4.63061544325959e-5
no UV,T6,Nylon,Nylon_no UV_T6, Verrucomicrobiae,0.011734665981500126,4.642660008248732e-5
no UV,T6,PS,PS_no UV_T6, Oxyphotobacteria,0.007140711840306786,3.4684760236070895e-05
no UV,T1,PP,PP_no UV_T1, Bacilli,0.018797321057920605,4.970232992794762e-5
no UV,T6,PET,PET_no UV_T6, Deltaproteobacteria,0.013581349447119093,4.2813743399461786e-5
no UV,T6,PET,PET_no UV_T6, Phycisphaerae,0.0048379696093658435,5.6282132119643446e-5
UV,T6,PP,PP_UV_T6, KD4-96,0.0013499315059383684,1.7027590971709276e-4
no UV,T1,PP,PP_no UV_T1, Woesearchaeia,0.0058292696597724335,2.59486361299043e-4
UV,T6,PP,PP_UV_T6, Acidimicrobiia,0.018260911328756013,5.4712352975459836e-5
no UV,T6,PE,PE_no UV_T6, Parcubacteria,0.005271703260872971,1.984667829830967e-4
no UV,T6,PS,PS_no UV_T6, Rhodothermia,0.006923778073796464,1.313070697047376e-4
UV,T1,Nylon,Nylon_UV_T1, OM190,0.0037814052790379055,4.0876397563323563e-5
no UV,T1,PP,PP_no UV_T1, Alphaproteobacteria,0.07742106928433386,1.9750625021219407e-5
UV,T6,PP,PP_UV_T6, Planctomycetacia,0.00884313379293442,4.325886581291534e-5
UV,T6,PP,PP_UV_T6,unassigned,0.004768192464978966,2.4013931835885776e-5
no UV,T6,PP,PP_no UV_T6, Planctomycetacia,0.004778554136088801,3.730707045672508e-5
UV,T6,PS,PS_UV_T6, Verrucomicrobiae,0.009530802451084635,2.9776736168991775e-5
no UV,T6,PE,PE_no UV_T6, Planctomycetacia,0.0022048406309730546,2.2934024931299393e-5
UV,T6,PP,PP_UV_T6, Bacilli,0.0048807226768546284,1.6061169982016057e-5
no UV,T6,PP,PP_no UV_T6, Negativicutes,0.0015871795122410022,1.5399165277633266e-4
NA,NA,negative_c,negative_c_, Blastocatellia (Subgroup 4),8.068269938800155e-4,2.731948722458171e-5
no UV,T6,PET,PET_no UV_T6, Clostridia,0.0030671735608884566,5.07489197127499e-5
no UV,T6,PET,PET_no UV_T6, Negativicutes,0.002088201660617511,1.373932542871466e-4
UV,T6,PET,PET_UV_T6, Gammaproteobacteria,0.23651440637740476,6.991380961102506e-5
UV,T6,PS,PS_UV_T6, Thermoanaerobaculia,9.846485125227585e-4,2.555828168119559e-5
UV,T6,PS,PS_UV_T6, Anaerolineae,0.002667642065364636,4.9733765959916526e-5
no UV,T6,PE,PE_no UV_T6, Verrucomicrobiae,0.005978090277185703,2.217233197778075e-5
no UV,T6,PP,PP_no UV_T6, OM190,0.0023498704802177722,1.7705003405691017e-5
no UV,T6,PP,PP_no UV_T6, Deltaproteobacteria,0.010852129516771395,2.1695003314907073e-5
UV,T6,PS,PS_UV_T6, OM190,0.003490063816489148,4.192459153344317e-5
no UV,T6,Nylon,Nylon_no UV_T6, Rhodothermia,0.0012311555740364781,5.296314520678269e-5
no UV,T6,PET,PET_no UV_T6, Kiritimatiellae,0.003115187512285756,1.434918223796533e-4
UV,T6,PP,PP_UV_T6, Fusobacteriia,0.0018064351273522617,5.9532168163497184e-5
UV,T6,Nylon,Nylon_UV_T6, Planctomycetacia,0.005117093645453733,3.276652000453054e-5
no UV,T6,Nylon,Nylon_no UV_T6, Subgroup 9,0.0012474622703813323,1.746782981106247e-4
no UV,T6,PP,PP_no UV_T6, Fusobacteriia,0.002223009445674617,8.381226921859896e-5
no UV,T6,PET,PET_no UV_T6, Acidimicrobiia,0.008072355151372999,3.430376247227397e-5
no UV,T6,PET,PET_no UV_T6, Fusobacteriia,0.0024185252274935443,8.387258065953413e-5
UV,T6,PET,PET_UV_T6, Rhodothermia,0.0020643095621767932,6.604442801690571e-5
no UV,T6,PP,PP_no UV_T6, Lentisphaeria,0.0014020329248612688,3.6622490993099865e-5
UV,T6,PP,PP_UV_T6, Melainabacteria,0.002016245667095758,4.9138440137194604e-5
no UV,T6,PP,PP_no UV_T6, Fibrobacteria,6.243323112782163e-4,3.965581905227577e-5
UV,T6,PP,PP_UV_T6, Subgroup 22,0.002932186832735982,7.65961267509258e-5
UV,T6,PS,PS_UV_T6, Lentisphaeria,5.703755703755704e-4,2.20896130184871e-5
no UV,T6,PP,PP_no UV_T6, Clostridia,0.0024589617332610955,3.0128355071940468e-5
no UV,T6,PS,PS_no UV_T6, OM190,0.002513478769738483,4.3374979440546776e-5
no UV,T1,Nylon,Nylon_no UV_T1, Deltaproteobacteria,0.005020280965685716,5.335494276504552e-5
UV,T6,PP,PP_UV_T6, OM190,0.007694209067612468,4.940040360181927e-5
UV,T6,PS,PS_UV_T6, Acidimicrobiia,0.002236585071460105,1.3109017844159596e-5
no UV,T1,PS,PS_no UV_T1, Oxyphotobacteria,0.006011389963311654,4.0883485916600144e-5
no UV,T1,PP,PP_no UV_T1, Oxyphotobacteria,0.012868646467163099,4.763215689766591e-5
UV,T6,PE,PE_UV_T6, Anaerolineae,0.0025791276189576816,3.975271876440296e-5
no UV,T6,PET,PET_no UV_T6, Deinococci,9.529491705198958e-4,1.1132008990677114e-4
UV,T6,PE,PE_UV_T6, Oxyphotobacteria,0.006464454618994487,1.739871839460278e-5
UV,T6,Nylon,Nylon_UV_T6,unassigned,0.0034147200962890653,1.8571039431811585e-5
UV,T6,PET,PET_UV_T6, Oligosphaeria,0.003440628781871791,1.4115678971382399e-4
UV,T6,PE,PE_UV_T6, Parcubacteria,0.0037197022775400873,2.009295125565188e-4
UV,T6,Nylon,Nylon_UV_T6, OM190,0.004105678505949217,3.619594869905704e-5
no UV,T6,PP,PP_no UV_T6, Anaerolineae,0.0027016205421476823,3.0015084003275395e-5
UV,T6,PET,PET_UV_T6, Fusobacteriia,0.0048830645528533875,1.405032599536564e-4
no UV,T1,PP,PP_no UV_T1, Spirochaetia,0.0014357146393385813,2.3919647448508312e-4
UV,T6,PE,PE_UV_T6, Woesearchaeia,0.0018955376224972992,6.323843373119187e-5
no UV,T1,PET,PET_no UV_T1, Deinococci,0.011312217194570135,0.001333157581422601
UV,T1,PET,PET_UV_T1, Fusobacteriia,0.014187022556775829,6.630562154095113e-4
no UV,T6,Nylon,Nylon_no UV_T6, BD7-11,9.131749953118248e-4,7.77292891602249e-5
UV,T6,Nylon,Nylon_UV_T6, Kiritimatiellae,0.0016467846399690503,9.460571783975839e-5
no UV,T6,PS,PS_no UV_T6, Deltaproteobacteria,0.004668687697063251,2.4214922945268638e-5
no UV,T1,PS,PS_no UV_T1, Oligosphaeria,0.002423542864166562,1.854335766055442e-4
no UV,T6,Nylon,Nylon_no UV_T6, vadinHA49,8.642549062772628e-4,8.53996604826516e-5
UV,T6,PP,PP_UV_T6, Deltaproteobacteria,0.02469599888765437,3.7173761856783855e-5
UV,T6,PP,PP_UV_T6, Calditrichia,0.0015127745544607808,6.383846673458737e-5
UV,T6,PS,PS_UV_T6, Thermoleophilia,8.964729422598185e-4,5.331216187196395e-5
UV,T6,Nylon,Nylon_UV_T6, Acidimicrobiia,0.0065118397113792,1.9666748710150567e-5
no UV,T1,PP,PP_no UV_T1, Verrucomicrobiae,0.014014318691273163,3.89688075313866e-5
UV,T1,PP,PP_UV_T1, OM190,0.0010758830810244692,2.873465166812563e-5
no UV,T6,PS,PS_no UV_T6, Lentisphaeria,0.0017374900318430668,7.031418087378449e-5
UV,T6,PET,PET_UV_T6, Acidimicrobiia,0.011214831207616257,4.6722291872733824e-5
UV,T6,PET,PET_UV_T6, Actinobacteria,0.04248278253369409,7.759341366347365e-5
UV,T1,PE,PE_UV_T1, Deinococci,0.0022133887433372483,3.1288443207017064e-4
UV,T6,PE,PE_UV_T6, Planctomycetacia,0.002609470450955011,2.0303021339375195e-5
NA,NA,negative_c,negative_c_, OM190,0.0021612607860159146,8.55272922507084e-6
no UV,T6,PS,PS_no UV_T6, Thermoanaerobaculia,0.0015938583570681707,5.1145533965870935e-5
UV,T6,PP,PP_UV_T6, Pla3 lineage,8.16130164715735e-4,5.8279782561984156e-5
UV,T6,PP,PP_UV_T6, Lentisphaeria,9.878654095012863e-4,4.24772187983319e-5
no UV,T1,PET,PET_no UV_T1, Bacilli,0.0824643467198998,2.2309029687867584e-4
no UV,T6,Nylon,Nylon_no UV_T6, OM190,0.004306933035676453,5.1528428009919145e-5
no UV,T6,PET,PET_no UV_T6, Melainabacteria,0.0014004209549379337,4.794275970908992e-5
UV,T1,PS,PS_UV_T1, Bacteroidia,0.00263912794033276,1.5702559759440703e-5
UV,T6,PS,PS_UV_T6, Thermoplasmata,2.1693771693771693e-4,8.856445207695636e-5
no UV,T6,PP,PP_no UV_T6, Oligosphaeria,5.048613420371769e-4,2.2320830364533843e-5
UV,T6,PP,PP_UV_T6, Thermoanaerobaculia,0.0029310998065452077,4.2293122955397786e-5
UV,T1,Nylon,Nylon_UV_T1, Planctomycetacia,0.0018295134700442297,4.0973168919296616e-5
no UV,T6,PET,PET_no UV_T6, Coriobacteriia,0.002061746669486149,2.756515088601058e-4
UV,T6,PE,PE_UV_T6, OM190,0.003663902777796517,3.483885122949625e-5
UV,T6,Nylon,Nylon_UV_T6, Anaerolineae,0.002133370362367121,3.143335461001734e-5
UV,T6,Nylon,Nylon_UV_T6, Bacilli,0.0018506129361435472,5.938956049500139e-6
UV,T6,PET,PET_UV_T6, Phycisphaerae,0.013462417328652082,1.3980261816747146e-4
no UV,T1,PP,PP_no UV_T1, Pla4 lineage,0.0013211921583501849,1.3220358366328712e-4
no UV,T6,PS,PS_no UV_T6, vadinHA49,8.730021681152746e-4,8.26103581040729e-5
UV,T6,PET,PET_UV_T6, OM190,0.003114469375646664,3.684611595720731e-5
UV,T6,Nylon,Nylon_UV_T6, Pla4 lineage,4.692337082949785e-4,4.70695848249309e-5
no UV,T1,PET,PET_no UV_T1, Bacteroidia,0.10381886378166776,9.835955925796626e-5
UV,T6,PE,PE_UV_T6, Kiritimatiellae,0.0014258827595731468,6.344569325101498e-5
no UV,T6,PE,PE_no UV_T6, Rhodothermia,6.57740987053398e-4,2.3554367845654742e-5
no UV,T6,PET,PET_no UV_T6, Oligosphaeria,0.001358988382306634,7.604888356055903e-5
no UV,T1,PP,PP_no UV_T1, Planctomycetacia,0.003176124149544719,2.879988155094368e-5
UV,T6,PS,PS_UV_T6, Clostridia,0.0012771283105774058,1.183385535427177e-5
no UV,T6,PP,PP_no UV_T6, Saccharimonadia,3.4453894214983046e-4,1.9047001790404944e-5
UV,T6,PE,PE_UV_T6, Pla4 lineage,6.283093765027505e-4,6.867764221546415e-5
UV,T6,Nylon,Nylon_UV_T6, Rhodothermia,0.0016100403350487614,3.3767384506023006e-5
no UV,T6,PET,PET_no UV_T6, Lentisphaeria,0.003422266665859711,1.0424944118204798e-4
no UV,T6,PET,PET_no UV_T6, Spirochaetia,7.125593398234006e-4,1.2828831168926666e-4
no UV,T6,Nylon,Nylon_no UV_T6, Acidimicrobiia,0.003701678278976382,2.005102973993266e-5
UV,T6,PE,PE_UV_T6, Rhodothermia,0.00211294696694522,3.900585495495197e-5
UV,T6,PE,PE_UV_T6, Fusobacteriia,0.0018557557000396338,5.009328829569364e-5
UV,T6,PP,PP_UV_T6, Chlamydiae,4.920932583223609e-4,6.180671268824383e-5
NA,NA,negative_c,negative_c_, Dadabacteriia,4.968752657086982e-4,3.191421863843889e-5
UV,T1,PET,PET_UV_T1, Kiritimatiellae,0.0026479674535956664,1.8722705372606818e-4
UV,T1,PE,PE_UV_T1, Deltaproteobacteria,0.0025695684094387324,3.010190180317669e-5
NA,NA,negative_c,negative_c_, Oligosphaeria,3.5954409808363e-4,1.6999088366047052e-5
UV,T6,PS,PS_UV_T6, Melainabacteria,3.071253071253071e-4,9.770476068813651e-6
UV,T6,PP,PP_UV_T6, Saccharimonadia,4.804426311813156e-4,4.61536096977764e-5
no UV,T6,PE,PE_no UV_T6, Fusobacteriia,0.0011009509335800644,3.400040292585135e-5
UV,T6,PP,PP_UV_T6, Oligosphaeria,0.0017452728401168782,7.859964576784508e-5
UV,T6,Nylon,Nylon_UV_T6, Deltaproteobacteria,0.013630458308105711,2.1389482407990587e-5
no UV,T6,PP,PP_no UV_T6, Gracilibacteria,1.5492690687274254e-4,1.690391137927897e-5
UV,T6,PE,PE_UV_T6, Deltaproteobacteria,0.013483188564437807,2.1977009705843578e-5
no UV,T1,PP,PP_no UV_T1, Kiritimatiellae,9.653943264518046e-4,7.327828744470088e-5
no UV,T1,PS,PS_no UV_T1, Clostridia,0.011301908120149362,1.4140812787274355e-4
NA,NA,negative_c,negative_c_, Planctomycetacia,0.0066760697767736165,1.1049078372535892e-5
UV,T6,Nylon,Nylon_UV_T6, Phycisphaerae,0.0027716329217712986,1.951523962374117e-5
UV,T6,PE,PE_UV_T6,unassigned,0.0014960763612119142,8.461286965038138e-6
UV,T1,PP,PP_UV_T1, Phycisphaerae,7.236027801580501e-4,1.775047643145858e-5
UV,T1,Nylon,Nylon_UV_T1, Clostridia,0.00291291090535099,4.874383106243471e-5
UV,T6,Nylon,Nylon_UV_T6, BD7-11,0.001547099164390958,7.096616709267223e-5
no UV,T6,PP,PP_no UV_T6, Rhodothermia,5.735807218722489e-4,1.222007819834328e-5
UV,T6,PET,PET_UV_T6, Dadabacteriia,6.424636902693081e-4,9.273164613038634e-5
UV,T6,PET,PET_UV_T6,unassigned,0.008432799910966172,5.4198414681080474e-5
UV,T6,PET,PET_UV_T6, Subgroup 22,0.0036114536722234394,2.023104136824281e-4
no UV,T6,PET,PET_no UV_T6, Blastocatellia (Subgroup 4),7.540728218896566e-4,4.220636790730268e-5
UV,T6,PS,PS_UV_T6, Gracilibacteria,4.0987465589914865e-4,3.642130506112582e-5
no UV,T1,PET,PET_no UV_T1, Acidobacteriia,0.006356388709329887,8.649949413692423e-4
UV,T6,PP,PP_UV_T6, Pla4 lineage,9.18281467570784e-4,8.104069870715322e-5
no UV,T1,PS,PS_no UV_T1, Phycisphaerae,0.002089378990133488,3.7543131339828976e-5
UV,T6,PE,PE_UV_T6, BD2-11 terrestrial group,4.7895848300785943e-4,3.710453638228202e-5
no UV,T6,PS,PS_no UV_T6, Acidimicrobiia,0.004832509819885017,2.0272512713582838e-5
no UV,T6,PP,PP_no UV_T6, Chlamydiae,1.7578937119717362e-4,1.714094507369936e-5
UV,T6,Nylon,Nylon_UV_T6, Fusobacteriia,3.6568213783403654e-4,1.6957600972638818e-5
UV,T6,PET,PET_UV_T6, Lentisphaeria,0.003894190092016247,1.5310881768922286e-4
no UV,T1,PP,PP_no UV_T1, Deltaproteobacteria,0.005711799100369604,1.972221424620247e-5
no UV,T6,PP,PP_no UV_T6, Parcubacteria,2.0348608663882606e-4,1.118062826276449e-5
no UV,T6,PP,PP_no UV_T6, BD2-11 terrestrial group,3.116180532291372e-4,1.388260025840183e-5
NA,NA,negative_c,negative_c_, Anaerolineae,7.547526603030388e-4,6.300306182589654e-6
no UV,T6,Nylon,Nylon_no UV_T6, Blastocatellia (Subgroup 4),4.7289419400076653e-4,3.5580102235870114e-5
UV,T6,Nylon,Nylon_UV_T6, Thermoanaerobaculia,0.0011703061231219827,2.540324641176066e-5
no UV,T1,PET,PET_no UV_T1, Anaerolineae,0.011346898372736745,2.508676331798809e-4
NA,NA,negative_c,negative_c_, Kiritimatiellae,1.6794388967828502e-4,9.7748914871871e-6
no UV,T6,Nylon,Nylon_no UV_T6, BD2-11 terrestrial group,4.973542385180475e-4,3.8836573199744294e-5
no UV,T1,PS,PS_no UV_T1, MB-A2-108,0.001044689495066744,2.697376677567557e-4
no UV,T1,Nylon,Nylon_no UV_T1, Gemmatimonadetes,0.001436717101423248,2.3850223828349377e-4
UV,T6,PS,PS_UV_T6, Holophagae,6.978946843688206e-4,5.3562668769403876e-5
UV,T6,Nylon,Nylon_UV_T6, Spirochaetia,5.192360739262361e-4,7.844910973208657e-5
no UV,T6,Nylon,Nylon_no UV_T6, Anaerolineae,4.5658749765591246e-4,1.637322557295779e-5
UV,T6,PE,PE_UV_T6, Bacilli,0.002525150178538946,6.697688464439106e-6
no UV,T1,PET,PET_no UV_T1, Alphaproteobacteria,0.0643149681959877,3.756985405474056e-5
UV,T1,PE,PE_UV_T1, Melainabacteria,0.002862198787887641,9.355941159172093e-5
NA,NA,negative_c,negative_c_, Lentisphaeria,4.990949025313736e-4,1.050475760775654e-5
UV,T1,PP,PP_UV_T1, Planctomycetacia,0.0027325526040178996,2.0914543170708857e-5
UV,T1,PET,PET_UV_T1, Verrucomicrobiae,0.0015633925618592345,2.3414890053675266e-5
NA,NA,negative_c,negative_c_, vadinHA49,1.2748017980677756e-4,1.0114770860378397e-5
UV,T1,PP,PP_UV_T1, Gracilibacteria,5.427020851185375e-4,5.105191751656452e-5
UV,T6,PET,PET_UV_T6, BD7-11,0.0016080274358576988,7.392838376959323e-5
UV,T6,Nylon,Nylon_UV_T6, Subgroup 26,9.167761930260105e-4,6.562402187228604e-5
no UV,T6,PP,PP_no UV_T6, Ktedonobacteria,2.1273545421331814e-4,2.4845494973474913e-5
UV,T6,PS,PS_UV_T6, Kiritimatiellae,3.212531086777111e-4,2.3509138371057388e-5
no UV,T1,PE,PE_no UV_T1, Phycisphaerae,0.008396798239367197,1.1347414631985439e-4
UV,T6,PP,PP_UV_T6, Kiritimatiellae,0.0015770337453738196,5.8936190253732e-5
UV,T1,Nylon,Nylon_UV_T1, Anaerolineae,0.001145958986731001,3.7341161503914457e-5
UV,T1,PET,PET_UV_T1, Negativicutes,0.00611597429779248,4.980072098135512e-4
NA,NA,negative_c,negative_c_, Subgroup 22,5.720335786062403e-4,1.0661818404974796e-5
no UV,T1,Nylon,Nylon_no UV_T1, Coriobacteriia,0.0012716873702120837,1.350666802059539e-4
UV,T6,PET,PET_UV_T6, Melainabacteria,0.0010848157393071923,3.12624582045453e-5
no UV,T1,Nylon,Nylon_no UV_T1, Babeliae,0.004717948717948718,0.0019260944985987384
UV,T1,PP,PP_UV_T1, Coriobacteriia,7.898033661964159e-4,8.718788941527773e-5
UV,T6,PE,PE_UV_T6, Lentisphaeria,5.867963208412637e-4,2.398560020716179e-5
UV,T6,PP,PP_UV_T6, Sericytochromatia,5.56039669695838e-4,8.027567851753065e-5
UV,T6,Nylon,Nylon_UV_T6, 028H05-P-BN-P5,4.8588579102222296e-4,8.568195471152042e-5
UV,T1,PP,PP_UV_T1, Deltaproteobacteria,0.0032657335999238314,1.3181680814373666e-5
no UV,T1,PE,PE_no UV_T1, Acidimicrobiia,0.002588902894662632,1.79682589710962e-5
no UV,T1,PE,PE_no UV_T1, Clostridia,0.003919872491436594,4.055479393622753e-5
no UV,T6,PE,PE_no UV_T6, Woesearchaeia,0.0012170182566124486,4.367575338888912e-5
UV,T6,PET,PET_UV_T6, Planctomycetacia,0.009102718818164062,7.708848876111137e-5
NA,NA,negative_c,negative_c_, SPG12-343-353-B69,1.056160788120663e-4,3.5559744761884376e-5
no UV,T6,PE,PE_no UV_T6, Phycisphaerae,0.0012459891852132571,1.1363098207987625e-5
no UV,T1,PP,PP_no UV_T1, Clostridia,0.004256640173464869,3.931951461686338e-5
no UV,T6,PET,PET_no UV_T6, Saccharimonadia,4.1405475151900313e-4,4.2259286116518156e-5
NA,NA,negative_c,negative_c_, Subgroup 6,1.894629656917812e-4,1.3098815598797689e-5
no UV,T6,PP,PP_no UV_T6, vadinHA49,3.710024486161608e-4,2.770761787207834e-5
no UV,T6,PP,PP_no UV_T6, Campylobacteria,4.922199118022279e-4,8.618314036305732e-5
NA,NA,negative_c,negative_c_, Woesearchaeia,2.670159854174221e-4,7.393513339121881e-6
no UV,T6,PS,PS_no UV_T6, Clostridia,0.00186791290455497,2.023301905859475e-5
no UV,T6,PET,PET_no UV_T6, Thermoanaerobaculia,0.0011073557308066363,2.6081334039140752e-5
UV,T6,PE,PE_UV_T6, Actinobacteria,0.005829012275167774,8.429247708774984e-6
no UV,T6,PS,PS_no UV_T6, Chloroflexia,7.482875726702354e-4,9.251912281427198e-5
no UV,T6,PET,PET_no UV_T6, vadinHA49,3.9479639098323547e-4,3.994160714569194e-5
no UV,T1,PS,PS_no UV_T1, Verrucomicrobiae,0.005168979759303333,3.57026890438046e-5
no UV,T1,PS,PS_no UV_T1, KD4-96,0.003241753788799741,5.002134693641038e-4
no UV,T6,PE,PE_no UV_T6, OM190,0.0014847224587155646,1.4219440023421427e-5
no UV,T1,Nylon,Nylon_no UV_T1, Chlamydiae,5.836663224531945e-4,7.535099822011167e-5
no UV,T6,PE,PE_no UV_T6, Oxyphotobacteria,0.0027365517318062712,7.869697519511021e-6
UV,T6,PP,PP_UV_T6, Rhodothermia,6.971243620067222e-4,1.6847432378241768e-5
no UV,T1,Nylon,Nylon_no UV_T1, Verrucomicrobiae,0.0015714093296816775,1.2828783238491998e-5
UV,T6,PET,PET_UV_T6, Clostridia,7.970486792882444e-4,1.7769466218905735e-5
no UV,T1,PS,PS_no UV_T1, Chloroflexia,0.0030796660993597535,5.622675307344277e-4
NA,NA,negative_c,negative_c_, Calditrichia,1.6735148337986849e-4,7.68114204023148e-6
no UV,T6,PP,PP_no UV_T6, Subgroup 26,1.2024177846839721e-4,1.1186968060573956e-5
UV,T1,PP,PP_UV_T1, Negativicutes,4.665333714176902e-4,3.802067697968821e-5
UV,T6,PET,PET_UV_T6, Pla4 lineage,4.107554741066068e-4,4.908894235298288e-5
UV,T6,Nylon,Nylon_UV_T6, Lentisphaeria,6.265378679647297e-4,1.7702866814672514e-5
no UV,T6,Nylon,Nylon_no UV_T6, Oligosphaeria,7.908747727254198e-4,3.567305658983879e-5
UV,T6,Nylon,Nylon_UV_T6, Oligosphaeria,9.850926027848974e-4,3.6231227026600155e-5
UV,T6,PS,PS_UV_T6, Pla3 lineage,2.2155386805359386e-4,1.871410545042663e-5
no UV,T1,PP,PP_no UV_T1, Phycisphaerae,0.0010534516519434384,1.5409783696499312e-5
no UV,T6,PE,PE_no UV_T6, Deltaproteobacteria,0.003798514809031557,7.622338133808152e-6
UV,T6,PP,PP_UV_T6, Clostridia,0.0012352886659888211,1.3183562412285067e-5
no UV,T1,PS,PS_no UV_T1, Deltaproteobacteria,0.002678534538705927,1.6117388594831306e-5
UV,T6,PE,PE_UV_T6, Subgroup 21,3.6284733561201476e-4,6.245417870241897e-5
UV,T1,PET,PET_UV_T1, Bacilli,0.03245230990501865,8.022660188779744e-5
UV,T6,PP,PP_UV_T6, Woesearchaeia,4.398522760280509e-4,2.0450280464434448e-5
no UV,T1,PP,PP_no UV_T1, Subgroup 22,7.847093772770585e-4,4.3614360582804615e-5
UV,T1,PE,PE_UV_T1, Ktedonobacteria,0.001867311072056239,4.6682776801405975e-4
UV,T6,PE,PE_UV_T6, Clostridia,0.001455078687568909,1.158186049278282e-5
NA,NA,negative_c,negative_c_, Hydrogenedentia,8.314457268183943e-5,1.2078652290186658e-5
no UV,T6,PP,PP_no UV_T6, Subgroup 22,1.479898811918735e-4,5.727138739966728e-6
no UV,T6,PE,PE_no UV_T6, Chlamydiae,5.385682163967095e-4,5.8435517326656216e-5
no UV,T1,PP,PP_no UV_T1, MB-A2-108,4.331897618693995e-4,1.0519456026336672e-4
no UV,T1,PET,PET_no UV_T1, Deltaproteobacteria,0.005324970319180371,5.4524646510719006e-5
no UV,T6,PE,PE_no UV_T6, Hydrogenedentia,2.222010602164873e-4,3.705904158688097e-5
no UV,T6,PET,PET_no UV_T6, Holophagae,3.3702130937593276e-4,4.4581884806497607e-5
UV,T6,PET,PET_UV_T6, Holophagae,3.3703013260029277e-4,4.8646109445448575e-5
no UV,T1,PP,PP_no UV_T1, OM190,0.001625469424359621,2.2318814776419445e-5
no UV,T6,PS,PS_no UV_T6, Thermoleophilia,0.001968503937007874,1.2134321351244252e-4
NA,NA,negative_c,negative_c_, Thermoanaerobaculia,8.718444735738039e-4,7.860014522205234e-6
NA,NA,negative_c,negative_c_, BD2-11 terrestrial group,2.9776121312067975e-4,8.392210289598194e-6
NA,NA,negative_c,negative_c_, Gracilibacteria,1.7369799768665885e-4,1.0230606391629915e-5
UV,T1,Nylon,Nylon_UV_T1, Melainabacteria,0.00423728813559322,1.7268703231588503e-4
NA,NA,negative_c,negative_c_, Leptospirae,6.96616690037033e-5,2.0109591675743356e-5
NA,NA,negative_c,negative_c_, BD7-11,1.2647783713898425e-4,5.7865194340672785e-6
no UV,T6,PP,PP_no UV_T6, Thermoanaerobaculia,4.6993643491380366e-4,1.1641452473176473e-5
no UV,T6,PE,PE_no UV_T6, Thermoleophilia,2.158524584960163e-4,2.0838459962462316e-5
no UV,T6,PE,PE_no UV_T6, Thermoanaerobaculia,4.888423324762722e-4,1.19232962661644e-5
no UV,T1,Nylon,Nylon_no UV_T1, Blastocatellia (Subgroup 4),4.639398973345905e-4,3.561822890515407e-5
UV,T6,PET,PET_UV_T6, Anaerolineae,0.0023145973468253946,4.5409960594084465e-5
UV,T6,PET,PET_UV_T6, Subgroup 21,3.1596574931277445e-4,7.447384132058384e-5
UV,T6,Nylon,Nylon_UV_T6, Clostridia,4.7356047967666805e-4,5.230559288804669e-6
no UV,T6,Nylon,Nylon_no UV_T6, Campylobacteria,2.935205342073723e-4,4.9155849865417874e-5
NA,NA,negative_c,negative_c_, Rhodothermia,7.604742867533637e-4,6.4178108211829294e-6
NA,NA,negative_c,negative_c_, Melainabacteria,1.5772547811806396e-4,3.4666852263021334e-6
no UV,T1,Nylon,Nylon_no UV_T1, Bacilli,0.006814461317177257,2.457869238547745e-5
NA,NA,negative_c,negative_c_, Saccharimonadia,1.657267367394605e-4,6.506777857069614e-6
NA,NA,negative_c,negative_c_, Fusobacteriia,1.222816310875785e-4,3.7201968348567875e-6
no UV,T6,PP,PP_no UV_T6, PAUC43f marine benthic group,1.6076772773366969e-4,3.281657500451521e-5
no UV,T6,PE,PE_no UV_T6, Kiritimatiellae,1.6506364473224775e-4,1.4533043560591831e-5
UV,T6,Nylon,Nylon_UV_T6, Gracilibacteria,2.109396550325334e-4,2.3015403244153735e-5
UV,T6,PE,PE_UV_T6, Saccharimonadia,5.018352753045086e-4,2.7226243209789883e-5
no UV,T1,PP,PP_no UV_T1, Fibrobacteria,8.507742045261188e-4,6.6932733489921445e-05
NA,NA,negative_c,negative_c_, Subgroup 26,1.1460468126415704e-4,8.092299872222781e-6
no UV,T6,PS,PS_no UV_T6, Woesearchaeia,3.645503559162685e-4,1.638650433039362e-5
no UV,T6,PE,PE_no UV_T6, Clostridia,5.565051895575039e-4,7.3317467015819145e-6
no UV,T6,PET,PET_no UV_T6, OM190,8.569970438416576e-4,1.2026008821325014e-5
no UV,T6,PE,PE_no UV_T6, Lentisphaeria,4.7759579106759184e-4,2.3563541677281366e-5
UV,T6,PE,PE_UV_T6, Thermoanaerobaculia,5.238390026833573e-4,1.0932860198031415e-5
no UV,T1,PE,PE_no UV_T1, Nitrososphaeria,0.0010023459159735552,1.1659914074566599e-4
UV,T1,PE,PE_UV_T1, Verrucomicrobiae,0.004459956287934082,2.5945832422931515e-5
no UV,T1,PP,PP_no UV_T1, Blastocatellia (Subgroup 4),4.297218018421987e-4,3.407915563686138e-5
UV,T6,PE,PE_UV_T6, Oligosphaeria,8.036214360869309e-4,3.0201003249458426e-5
no UV,T6,PS,PS_no UV_T6, Subgroup 6,0.0013435820522434696,1.204560890481154e-4
no UV,T6,PS,PS_no UV_T6, Planctomycetacia,0.0018122734658167728,2.144449567732875e-5
no UV,T1,PP,PP_no UV_T1, Anaerolineae,6.807267686519135e-4,1.5739564417906855e-5
no UV,T1,PP,PP_no UV_T1, Thermoanaerobaculia,9.065853831779767e-4,2.1210098426505517e-5
no UV,T6,PE,PE_no UV_T6, Deinococci,5.536875331452378e-4,5.156550754974002e-5
UV,T6,Nylon,Nylon_UV_T6, Deinococci,1.7346460384435068e-4,1.4053535088144025e-5
UV,T1,PE,PE_UV_T1, Anaerolineae,0.0015377855887521968,5.9164954162585644e-5
UV,T6,Nylon,Nylon_UV_T6, Melainabacteria,2.484763244256915e-4,6.790797676505313e-6
UV,T6,PE,PE_UV_T6, Melainabacteria,5.721914934197981e-4,2.5075332544663216e-5
no UV,T6,PP,PP_no UV_T6, Melainabacteria,3.339022037545447e-4,8.896347183375445e-6
no UV,T6,PET,PET_no UV_T6, BD2-11 terrestrial group,1.9258360535767585e-4,1.6956040988062196e-5
no UV,T6,PET,PET_no UV_T6, Subgroup 22,1.9258360535767585e-4,1.3013594060711707e-5
UV,T6,PET,PET_UV_T6, Spirochaetia,2.10643832875183e-4,3.845812628836201e-5
no UV,T1,PP,PP_no UV_T1, Acidimicrobiia,0.0022340641506534116,1.2062903514564996e-5
no UV,T6,PE,PE_no UV_T6, KD4-96,1.2062343268895029e-4,1.8612599747831934e-5
UV,T6,Nylon,Nylon_UV_T6, vadinHA49,2.203469292076887e-4,1.2663580359305324e-5
UV,T6,PET,PET_UV_T6, PAUC43f marine benthic group,2.3170821616270128e-4,4.107574310309017e-5
no UV,T6,PS,PS_no UV_T6, Sericytochromatia,5.936757905261842e-4,1.2118356328604858e-4
UV,T1,PS,PS_UV_T1, Deltaproteobacteria,0.0013195639701663797,1.3210226198675102e-5
UV,T6,Nylon,Nylon_UV_T6, Thermoleophilia,2.2120978913468584e-4,1.664313351299189e-5
UV,T6,Nylon,Nylon_UV_T6, Saccharimonadia,1.0782934833567746e-4,8.914646522339411e-6
UV,T1,PP,PP_UV_T1, Anaerolineae,2.0946396267733028e-4,6.812624639117756e-6
no UV,T1,Nylon,Nylon_no UV_T1, Clostridia,0.001666191207654319,2.6267186071549063e-5
UV,T6,PET,PET_UV_T6, Subgroup 26,4.0022328246284766e-4,2.966092828209492e-5
no UV,T1,PP,PP_no UV_T1, BD2-11 terrestrial group,3.363040188330251e-4,2.960991781824866e-5
no UV,T6,PS,PS_no UV_T6, Erysipelotrichia,5.62429696287964e-4,1.4521872314238532e-4
no UV,T1,PE,PE_no UV_T1, OM190,0.0016118033599900811,3.461641168781206e-5
no UV,T6,PP,PP_no UV_T6, BD7-11,1.0511736044124557e-4,9.718103410572842e-6
no UV,T6,PP,PP_no UV_T6, Kiritimatiellae,1.6076772773366969e-4,1.0438160242435658e-5
UV,T6,PE,PE_UV_T6, vadinHA49,2.587728401323914e-4,1.907667082571434e-5
no UV,T6,PS,PS_no UV_T6, Thermoplasmata,1.6308831712043593e-4,6.658052665904633e-5
UV,T1,PP,PP_UV_T1, Acidimicrobiia,4.8557554984290203e-4,3.609389748493789e-6
UV,T6,PET,PET_UV_T6, KD4-96,1.7904725794390554e-4,2.7627591702271396e-5
UV,T6,PET,PET_UV_T6, Gracilibacteria,1.7904725794390554e-4,1.9535657440529295e-5
no UV,T1,PET,PET_no UV_T1, Acidimicrobiia,0.002249913464866736,2.9751043054855878e-5
no UV,T1,PE,PE_no UV_T1, BD2-11 terrestrial group,0.0010538714276858224,9.278820536566614e-5
NA,NA,negative_c,negative_c_, Pla3 lineage,2.959389977141329e-4,6.199804129620658e-6
NA,NA,negative_c,negative_c_, Deinococci,1.3551143610237226e-4,6.632395743968184e-6
UV,T6,PE,PE_UV_T6, Calditrichia,2.9295651735986104e-4,1.4633594791180291e-5
no UV,T6,PS,PS_no UV_T6, Anaerolineae,2.7847926365446766e-4,7.7700826918015e-6
UV,T1,PP,PP_UV_T1, Brocadiae,1.7137960582690659e-4,6.111323064222112e-5
no UV,T1,PP,PP_no UV_T1, Erysipelotrichia,5.978738112587112e-4,1.0518566605743278e-4
no UV,T1,PP,PP_no UV_T1, Gracilibacteria,3.3630401883302503e-4,3.282174225117979e-5
no UV,T6,PS,PS_no UV_T6, KD4-96,4.999375078115236e-4,7.714203222701759e-5
UV,T1,PE,PE_UV_T1, Clostridia,0.0017693227146350398,3.573273304309717e-5
no UV,T1,PS,PS_no UV_T1, Planctomycetacia,8.855331841909022e-4,1.723608693132116e-5
UV,T1,Nylon,Nylon_UV_T1, Acidimicrobiia,0.002359898591318926,3.0016842877649365e-5
UV,T1,Nylon,Nylon_UV_T1, Verrucomicrobiae,0.005044390637610976,3.635097832733465e-5
no UV,T1,PE,PE_no UV_T1, Blastocatellia (Subgroup 4),0.0010538714276858224,7.878354443138253e-5
no UV,T6,PS,PS_no UV_T6, Gracilibacteria,1.4390145628273758e-4,1.5700936095952942e-5
no UV,T6,PET,PET_no UV_T6, Dadabacteriia,1.444377040182569e-4,2.084778682401803e-5
UV,T6,PET,PET_UV_T6, ABY1,1.5798287465638723e-4,9.121145521021607e-5
UV,T1,PE,PE_UV_T1, Omnitrophia,0.0012082601054481546,3.415121211587879e-4
NA,NA,negative_c,negative_c_, Thermoleophilia,3.886622630364388e-5,3.00832558312792e-6
UV,T6,PP,PP_UV_T6, Ignavibacteria,1.1618739366778703e-4,3.872913122259568e-5
no UV,T6,Nylon,Nylon_no UV_T6, Thermoleophilia,2.1198705248310222e-4,1.4373638320432142e-5
UV,T6,Nylon,Nylon_UV_T6, Pla3 lineage,1.2658227848101267e-4,8.3517647443452e-6
UV,T1,PP,PP_UV_T1, Oxyphotobacteria,3.7132247929163095e-4,2.295576406069545e-6
UV,T1,Nylon,Nylon_UV_T1, Chlamydiae,7.036590269400883e-4,4.7876276338164645e-5
no UV,T1,PE,PE_no UV_T1, Anaerolineae,3.838771593090211e-4,1.2019144044103298e-5
no UV,T1,PE,PE_no UV_T1, Oxyphotobacteria,0.0015503424001337737,9.870887636449029e-6
no UV,T1,PE,PE_no UV_T1, Ignavibacteria,8.67894116917736e-4,2.892980389725787e-4
UV,T6,PP,PP_UV_T6, d142,1.0788829412008794e-4,6.228933565264229e-5
no UV,T6,PE,PE_no UV_T6, Oligosphaeria,3.227990998063826e-4,1.2453367333635625e-5
no UV,T6,PET,PET_no UV_T6, WCHB1-81,1.1555016321460553e-4,6.67129178368577e-5
UV,T6,Nylon,Nylon_UV_T6, Calditrichia,1.9039066831995157e-4,1.0762717513761953e-5
no UV,T6,PS,PS_no UV_T6, Negativicutes,5.624296962879641e-4,4.23890668807696e-5
no UV,T1,Nylon,Nylon_no UV_T1, Oxyphotobacteria,0.0020512820512820513,2.008233375448368e-5
no UV,T1,PP,PP_no UV_T1, Negativicutes,2.9390381610902284e-4,2.089033746434847e-5
no UV,T1,PE,PE_no UV_T1, Verrucomicrobiae,0.001966937128999757,1.2467611627905748e-5
no UV,T1,PE,PE_no UV_T1, Deltaproteobacteria,0.0032716612509203886,1.486078770056485e-5
UV,T1,PET,PET_UV_T1, Planctomycetacia,0.001672569854388036,2.8216310576171303e-5
no UV,T6,PP,PP_no UV_T6, Deinococci,6.801711557962948e-5,8.015893943850863e-6
no UV,T6,PE,PE_no UV_T6, Subgroup 22,1.3332063612989242e-4,6.362947060248942e-6
UV,T6,PP,PP_UV_T6, Latescibacteria,9.12900950246898e-5,2.6353180468425587e-5
UV,T6,PET,PET_UV_T6, vadinHA49,1.6851506630014638e-4,1.3142200229217594e-5
no UV,T6,PE,PE_no UV_T6, Sericytochromatia,0.00014810625950909507,3.023206362579266e-5
no UV,T1,PP,PP_no UV_T1, KD4-96,2.0551912262018197e-4,3.1712289101564015e-5
UV,T1,PE,PE_UV_T1, KD4-96,6.041300527240773e-4,1.1416984850344627e-4
UV,T6,PE,PE_UV_T6, Blastocatellia (Subgroup 4),7.982641383464325e-5,6.330646407375663e-6
UV,T6,PE,PE_UV_T6, Pla3 lineage,2.281723565731094e-4,1.571935433658665e-5
UV,T6,PE,PE_UV_T6, Deinococci,1.360039718583402e-4,1.0279018599593651e-5
UV,T6,Nylon,Nylon_UV_T6, Hydrogenedentia,5.055379383243715e-5,8.403753441847975e-6
UV,T6,PP,PP_UV_T6, Blastocatellia (Subgroup 4),8.299099547699073e-5,6.581614056335483e-6
UV,T6,PP,PP_UV_T6, Spirochaetia,1.7428109050168054e-4,1.938975995103546e-5
UV,T6,Nylon,Nylon_UV_T6, Subgroup 21,7.501172058134083e-5,1.2547832312586748e-5
no UV,T1,PP,PP_no UV_T1, vadinHA49,2.242026792220167e-4,1.9716282778654353e-5
no UV,T6,PS,PS_no UV_T6, Coriobacteriia,4.374453193350832e-4,5.580200717074788e-5
UV,T1,Nylon,Nylon_UV_T1, Sericytochromatia,2.41254523522316e-4,4.149954535923924e-5
no UV,T6,PET,PET_no UV_T6, Parcubacteria,1.762176640586452e-4,1.4840204431284252e-5
no UV,T1,PS,PS_no UV_T1, Fusobacteriia,5.592841163310962e-4,2.9627467684902798e-5
no UV,T1,PE,PE_no UV_T1, Lentisphaeria,0.001735788233835472,6.29095809840201e-5
UV,T6,PE,PE_UV_T6, AT-s3-28,5.8461298620313374e-5,2.386672522004033e-5
UV,T6,PP,PP_UV_T6, Hydrogenedentia,1.1618739366778703e-4,1.4247227464418851e-5
UV,T6,Nylon,Nylon_UV_T6, Coriobacteriia,7.301757289587695e-5,1.2710727933288554e-5
no UV,T6,PE,PE_no UV_T6, Anaerolineae,2.55819902788437e-4,5.952176684990563e-6
UV,T1,PE,PE_UV_T1, Acidimicrobiia,6.041300527240773e-4,1.133237260101881e-5
UV,T1,PP,PP_UV_T1, Campylobacteria,8.170379650307751e-5,1.6677717623394373e-5
no UV,T1,PS,PS_no UV_T1, Nitrososphaeria,7.923191648023862e-4,9.599420807079686e-5
no UV,T1,PET,PET_no UV_T1, Clostridia,0.002090592217854099,3.762714703071114e-5
no UV,T1,PE,PE_no UV_T1, PAUC43f marine benthic group,8.059016799950407e-4,1.226014173994495e-4
NA,NA,negative_c,negative_c_, 028H05-P-BN-P5,2.3913782841595103e-5,4.881380481802631e-6
UV,T6,PE,PE_UV_T6, JG30-KF-CM66,5.19655987736119e-5,2.1214866862258073e-5
UV,T6,PP,PP_UV_T6, Nitrospira,6.639279638159259e-5,2.213093212719753e-5
UV,T6,Nylon,Nylon_UV_T6, Leptospirae,3.7505860290670415e-5,1.2501953430223472e-5
UV,T6,Nylon,Nylon_UV_T6, Cloacimonadia,4.688232536333802e-5,1.5021865717390736e-5
no UV,T6,PE,PE_no UV_T6, Erysipelotrichia,1.077136432793419e-4,2.781154310534784e-5
UV,T1,PET,PET_UV_T1, Clostridia,0.0011343198560824445,1.8522617981180795e-5
no UV,T1,PS,PS_no UV_T1, Acidimicrobiia,0.0015380313199105143,1.0316172305028146e-5
no UV,T1,PS,PS_no UV_T1, Lentisphaeria,3.728560775540641e-4,2.5547677473062327e-5
UV,T6,PE,PE_UV_T6, Mollicutes,4.546989892691041e-5,1.8563008504475815e-5
UV,T6,PP,PP_UV_T6, BD2-11 terrestrial group,9.12900950246898e-5,5.492377036972547e-6
UV,T6,Nylon,Nylon_UV_T6, Subgroup 22,7.969995311767464e-5,2.834370087170618e-6
no UV,T6,PE,PE_no UV_T6, Holophagae,9.424943786942415e-5,1.3603734581220735e-5
UV,T1,PE,PE_UV_T1, Thermoanaerobaculia,0.0014279437609841829,3.600365024413487e-5
UV,T1,PE,PE_UV_T1, OM190,0.0010434973637961336,2.0707709109422386e-5
UV,T6,PE,PE_UV_T6, Babeliae,1.4834594273846615e-4,6.0561977520228925e-5
no UV,T6,PS,PS_no UV_T6, Fibrobacteria,2.1872265966754156e-4,2.6331113973265354e-5
no UV,T1,PET,PET_no UV_T1, Phycisphaerae,0.0014710972654897888,2.5568875194269107e-5
no UV,T1,PE,PE_no UV_T1, Deinococci,4.33947058458868e-4,5.1141151285370127e-5
no UV,T1,PE,PE_no UV_T1, Rhodothermia,4.33947058458868e-4,2.102480368099042e-5
NA,NA,negative_c,negative_c_, Parcubacteria,5.0484652665589664e-5,1.8946503265361166e-6
UV,T6,PE,PE_UV_T6, Thermoleophilia,5.846129862031338e-5,4.511393331466449e-6
no UV,T6,PET,PET_no UV_T6, Rhodothermia,8.666262241095415e-5,2.9098183981794737e-6
UV,T6,PP,PP_UV_T6, Parcubacteria,2.7224374866016205e-4,8.177005882188823e-6
UV,T6,PP,PP_UV_T6, PAUC43f marine benthic group,4.979459728619444e-5,1.0164279608212697e-5
UV,T6,Nylon,Nylon_UV_T6, BD2-11 terrestrial group,4.688232536333802e-5,2.724398842673331e-6
no UV,T1,PP,PP_no UV_T1, Rhodothermia,1.3078489621284306e-4,5.504144700898473e-6
UV,T1,PE,PE_UV_T1, Phycisphaerae,8.787346221441124e-4,1.5039737968876835e-5
UV,T6,PE,PE_UV_T6, BD7-11,2.1192277534066596e-4,1.2621435444613374e-5
no UV,T1,PE,PE_no UV_T1, KD4-96,2.1326508850501172e-4,2.3461298819043522e-5
UV,T6,PE,PE_UV_T6, Ignavibacteria,3.247849923350743e-5,1.0826166411169142e-5
no UV,T6,PET,PET_no UV_T6, Calditrichia,6.740426187518654e-5,4.719930160179359e-6
UV,T6,Nylon,Nylon_UV_T6, Nitrospira,4.219409282700422e-5,9.376465072667604e-6
UV,T6,Nylon,Nylon_UV_T6, PAUC43f marine benthic group,3.281762775433661e-5,5.075650924136578e-6
no UV,T6,PE,PE_no UV_T6, Leptospirae,6.732102704958867e-5,2.244034234986289e-5
no UV,T6,PE,PE_no UV_T6, Gracilibacteria,6.732102704958867e-5,7.345326245640708e-6
UV,T1,PE,PE_UV_T1, Planctomycetacia,7.688927943760985e-4,1.2500557682956342e-5
UV,T6,PE,PE_UV_T6, Chlamydiae,1.9073049780659934e-4,1.7372936123615303e-5
no UV,T1,PS,PS_no UV_T1, Gracilibacteria,4.6607009694258017e-4,3.1037897380070814e-5
UV,T1,Nylon,Nylon_UV_T1, Campylobacteria,5.044390637610976e-4,1.0296819271182985e-4
NA,NA,negative_c,negative_c_, Nitrososphaeria,3.985630473599184e-5,3.261992675344028e-6
no UV,T6,PET,PET_no UV_T6, Mollicutes,3.851672107153517e-5,1.5724385531727684e-5
UV,T6,Nylon,Nylon_UV_T6, Parcubacteria,1.8752930145335207e-5,1.579281614752028e-6
no UV,T6,PE,PE_no UV_T6, Negativicutes,6.732102704958869e-5,5.935455864297225e-6
no UV,T6,PE,PE_no UV_T6, Microgenomatia,5.385682163967095e-5,3.109425047136168e-5
no UV,T6,PE,PE_no UV_T6, BD2-11 terrestrial group,1.077136432793419e-4,5.76959710492221e-6
UV,T1,PE,PE_UV_T1, Oxyphotobacteria,2.196836555360281e-4,4.017557974294019e-6
UV,T6,PE,PE_UV_T6, PAUC43f marine benthic group,8.476911013626637e-5,1.7303422148636835e-5
no UV,T1,PS,PS_no UV_T1, Blastocatellia (Subgroup 4),3.2417537887997406e-4,2.570877982715436e-5
no UV,T1,PE,PE_no UV_T1, Parcubacteria,8.530603540200469e-5,7.1840641592366725e-6
no UV,T1,PE,PE_no UV_T1, JG30-KF-CM66,2.4796974769078175e-4,1.0123322558151709e-4
no UV,T1,PE,PE_no UV_T1, Melainabacteria,6.819168061496498e-4,1.7559387385885417e-5
no UV,T1,PE,PE_no UV_T1, Thermoanaerobaculia,4.959394953815635e-4,1.6970606428003505e-5
NA,NA,negative_c,negative_c_, Sericytochromatia,2.1256695859195648e-5,2.3379248419780413e-6
no UV,T6,PP,PP_no UV_T6, Subgroup 9,1.855012243080804e-5,3.09168707180134e-6
UV,T6,PP,PP_UV_T6, Deinococci,4.1495497738495366e-5,3.2146465805031872e-6
no UV,T6,PP,PP_no UV_T6, Mollicutes,6.93702568086907e-6,2.8320288751187133e-6
UV,T6,Nylon,Nylon_UV_T6, Holophagae,2.8129395218002813e-5,2.8402382070809964e-6
UV,T1,PP,PP_UV_T1, Parcubacteria,2.8563267637817765e-5,2.405461071312536e-6
UV,T6,PET,PET_UV_T6, Parcubacteria,3.1596574931277445e-5,2.6609116277497514e-6
no UV,T6,PE,PE_no UV_T6, Latescibacteria,4.039261622975321e-5,1.166034392676063e-5
UV,T6,PE,PE_UV_T6, Sericytochromatia,1.0596138767033298e-4,1.5280903824342435e-5
UV,T1,PET,PET_UV_T1, Acidimicrobiia,8.58000858000858e-5,1.5680569226890163e-6
UV,T1,PET,PET_UV_T1, Erysipelotrichia,8.58000858000858e-5,2.215348689379332e-5
no UV,T1,PET,PET_no UV_T1, Oligosphaeria,6.057459328487366e-4,3.271684423359875e-5
no UV,T1,PE,PE_no UV_T1, Chlamydiae,1.859773107680863e-4,2.400956757924132e-5
NA,NA,negative_c,negative_c_, Subgroup 9,7.971260947198368e-6,1.1505524134114322e-6
UV,T6,PS,PS_UV_T6, BD7-11,4.8750048750048754e-6,4.506943601273588e-7
UV,T6,PE,PE_UV_T6, Campylobacteria,1.2991399693402975e-5,2.651858357782259e-6
UV,T6,PP,PP_UV_T6, Thermoleophilia,2.1203736098300518e-5,2.313517278245946e-6
no UV,T6,Nylon,Nylon_no UV_T6, Lentisphaeria,3.2613392689708036e-5,1.363037905881529e-6
no UV,T6,Nylon,Nylon_no UV_T6, Parcubacteria,2.446004451728103e-5,1.5309712459320772e-6
no UV,T6,PP,PP_no UV_T6, Acidobacteriia,4.624683787246047e-6,6.293397500263807e-7
UV,T6,Nylon,Nylon_UV_T6, AT-s3-28,9.376465072667604e-6,3.827925836510671e-6
UV,T6,Nylon,Nylon_UV_T6, Gemmatimonadetes,9.376465072667604e-6,2.42099287151581e-6
UV,T6,PE,PE_UV_T6, MB-A2-108,8.476911013626637e-5,1.4913674328713354e-5
no UV,T6,PS,PS_no UV_T6, Saccharimonadia,6.249218847644045e-5,6.378082278213084e-6
UV,T1,PET,PET_UV_T1, Leptospirae,5.72000572000572e-5,1.90666857333524e-5
no UV,T1,PS,PS_no UV_T1, Deinococci,9.321401938851603e-5,1.0985377535212334e-5
UV,T1,PET,PET_UV_T1, Deltaproteobacteria,3.935458480913026e-4,3.527829065109072e-6
UV,T1,PET,PET_UV_T1, Campylobacteria,1.967729240456513e-4,4.016610492560636e-5
NA,NA,negative_c,negative_c_, Holophagae,1.0628347929597824e-5,9.319365572817492e-7
NA,NA,negative_c,negative_c_, Acidobacteriia,1.5942521894396735e-5,1.0693638965371906e-6
NA,NA,negative_c,negative_c_, Elusimicrobia,5.314173964798912e-6,2.657086982399456e-6
NA,NA,negative_c,negative_c_, Nitriliruptoria,1.0628347929597824e-5,2.459984535149412e-6
NA,NA,negative_c,negative_c_, Subgroup 17,5.314173964798912e-6,2.657086982399456e-6
NA,NA,negative_c,negative_c_, Chlamydiae,5.314173964798912e-6,5.941427114774971e-7
NA,NA,negative_c,negative_c_, Lineage IIb,5.314173964798912e-6,2.657086982399456e-6
NA,NA,negative_c,negative_c_, Latescibacteria,1.0628347929597824e-5,1.8151359659679589e-6
NA,NA,negative_c,negative_c_, Pla4 lineage,1.328543491199728e-5,7.550596804250198e-7
NA,NA,negative_c,negative_c_, LD1-PA32,1.0628347929597824e-5,2.459984535149412e-6
NA,NA,negative_c,negative_c_, Omnitrophia,5.314173964798912e-6,1.5340698845485763e-6
UV,T6,PP,PP_UV_T6, Subgroup 6,2.489729864309722e-5,2.093551512965322e-6
no UV,T6,PP,PP_no UV_T6, Magnetococcia,2.3123418936230233e-6,1.3350312147417015e-6
UV,T6,Nylon,Nylon_UV_T6, Magnetococcia,4.688232536333802e-6,2.7067523168758824e-6
UV,T6,PET,PET_UV_T6, Thermoanaerobaculia,4.0735758846915596e-4,1.9231823603788508e-5
no UV,T1,PE,PE_no UV_T1, Negativicutes,6.199243692269544e-5,6.646286868996311e-6
UV,T1,PET,PET_UV_T1, Oxyphotobacteria,2.9515938606847696e-4,2.5440044779994516e-6
UV,T1,PET,PET_UV_T1, Coriobacteriia,9.838646202282565e-5,1.7126884686707777e-5
UV,T1,PET,PET_UV_T1, Lentisphaeria,9.838646202282565e-5,6.7413292977915345e-6
UV,T6,PET,PET_UV_T6, Kiritimatiellae,3.968253968253968e-4,3.4938528028794595e-5
NA,NA,negative_c,negative_c_, PAUC43f marine benthic group,2.657086982399456e-6,4.6971105586428897e-7
UV,T6,PS,PS_UV_T6, BD2-11 terrestrial group,0,0
UV,T6,PS,PS_UV_T6, Fibrobacteria,0,0
UV,T6,PS,PS_UV_T6, Oligosphaeria,0,0
UV,T6,PS,PS_UV_T6, Negativicutes,0,0
UV,T6,PS,PS_UV_T6, Saccharimonadia,0,0
UV,T6,PS,PS_UV_T6, Deinococci,0,0
UV,T6,PS,PS_UV_T6, Parcubacteria,0,0
UV,T6,PS,PS_UV_T6, JG30-KF-CM66,0,0
UV,T6,PS,PS_UV_T6, Blastocatellia (Subgroup 4),0,0
UV,T6,PS,PS_UV_T6, Fusobacteriia,0,0
UV,T6,PS,PS_UV_T6, Leptospirae,0,0
UV,T6,PS,PS_UV_T6, Subgroup 26,0,0
UV,T6,PS,PS_UV_T6, Subgroup 6,0,0
UV,T6,PS,PS_UV_T6, Calditrichia,0,0
UV,T6,PS,PS_UV_T6, Nitrososphaeria,0,0
UV,T6,PS,PS_UV_T6, Ktedonobacteria,0,0
UV,T6,PS,PS_UV_T6, Coriobacteriia,0,0
UV,T6,PS,PS_UV_T6, Pla4 lineage,0,0
UV,T6,PS,PS_UV_T6, Dadabacteriia,0,0
UV,T6,PS,PS_UV_T6, Chloroflexia,0,0
UV,T6,PS,PS_UV_T6, 028H05-P-BN-P5,0,0
UV,T6,PS,PS_UV_T6, Chlamydiae,0,0
UV,T6,PS,PS_UV_T6, Latescibacteria,0,0
UV,T6,PS,PS_UV_T6, Gemmatimonadetes,0,0
UV,T6,PS,PS_UV_T6, Subgroup 22,0,0
UV,T6,PS,PS_UV_T6, KD4-96,0,0
UV,T6,PS,PS_UV_T6, PAUC43f marine benthic group,0,0
UV,T6,PS,PS_UV_T6, Spirochaetia,0,0
UV,T6,PS,PS_UV_T6, Omnitrophia,0,0
UV,T6,PS,PS_UV_T6, Nitrospira,0,0
UV,T6,PS,PS_UV_T6, Campylobacteria,0,0
UV,T6,PS,PS_UV_T6, MB-A2-108,0,0
UV,T6,PS,PS_UV_T6, Subgroup 9,0,0
UV,T6,PS,PS_UV_T6, AT-s3-28,0,0
UV,T6,PS,PS_UV_T6, Mollicutes,0,0
UV,T6,PS,PS_UV_T6, Sericytochromatia,0,0
UV,T6,PS,PS_UV_T6, Brocadiae,0,0
UV,T6,PS,PS_UV_T6, Elusimicrobia,0,0
UV,T6,PS,PS_UV_T6, Subgroup 21,0,0
UV,T6,PS,PS_UV_T6, Nitriliruptoria,0,0
UV,T6,PS,PS_UV_T6, Subgroup 17,0,0
UV,T6,PS,PS_UV_T6, Ignavibacteria,0,0
UV,T6,PS,PS_UV_T6, Cloacimonadia,0,0
UV,T6,PS,PS_UV_T6, Lineage IIb,0,0
UV,T6,PS,PS_UV_T6, Erysipelotrichia,0,0
UV,T6,PS,PS_UV_T6, SPG12-343-353-B69,0,0
UV,T6,PS,PS_UV_T6, Microgenomatia,0,0
UV,T6,PS,PS_UV_T6, LD1-PA32,0,0
UV,T6,PS,PS_UV_T6, Babeliae,0,0
UV,T6,PS,PS_UV_T6, d142,0,0
UV,T6,PS,PS_UV_T6, Magnetococcia,0,0
UV,T6,PS,PS_UV_T6, WCHB1-81,0,0
UV,T6,PS,PS_UV_T6, ABY1,0,0
no UV,T6,PP,PP_no UV_T6, JG30-KF-CM66,0,0
no UV,T6,PP,PP_no UV_T6, Blastocatellia (Subgroup 4),0,0
no UV,T6,PP,PP_no UV_T6, Leptospirae,0,0
no UV,T6,PP,PP_no UV_T6, Subgroup 6,0,0
no UV,T6,PP,PP_no UV_T6, Calditrichia,0,0
no UV,T6,PP,PP_no UV_T6, Nitrososphaeria,0,0
no UV,T6,PP,PP_no UV_T6, Pla3 lineage,0,0
no UV,T6,PP,PP_no UV_T6, Coriobacteriia,0,0
no UV,T6,PP,PP_no UV_T6, Hydrogenedentia,0,0
no UV,T6,PP,PP_no UV_T6, Pla4 lineage,0,0
no UV,T6,PP,PP_no UV_T6, Dadabacteriia,0,0
no UV,T6,PP,PP_no UV_T6, Chloroflexia,0,0
no UV,T6,PP,PP_no UV_T6, 028H05-P-BN-P5,0,0
no UV,T6,PP,PP_no UV_T6, Latescibacteria,0,0
no UV,T6,PP,PP_no UV_T6, Gemmatimonadetes,0,0
no UV,T6,PP,PP_no UV_T6, KD4-96,0,0
no UV,T6,PP,PP_no UV_T6, Thermoleophilia,0,0
no UV,T6,PP,PP_no UV_T6, Spirochaetia,0,0
no UV,T6,PP,PP_no UV_T6, Omnitrophia,0,0
no UV,T6,PP,PP_no UV_T6, Holophagae,0,0
no UV,T6,PP,PP_no UV_T6, Nitrospira,0,0
no UV,T6,PP,PP_no UV_T6, MB-A2-108,0,0
no UV,T6,PP,PP_no UV_T6, AT-s3-28,0,0
no UV,T6,PP,PP_no UV_T6, Sericytochromatia,0,0
no UV,T6,PP,PP_no UV_T6, Brocadiae,0,0
no UV,T6,PP,PP_no UV_T6, Elusimicrobia,0,0
no UV,T6,PP,PP_no UV_T6, Subgroup 21,0,0
no UV,T6,PP,PP_no UV_T6, Nitriliruptoria,0,0
no UV,T6,PP,PP_no UV_T6, Thermoplasmata,0,0
no UV,T6,PP,PP_no UV_T6, Subgroup 17,0,0
no UV,T6,PP,PP_no UV_T6, Ignavibacteria,0,0
no UV,T6,PP,PP_no UV_T6, Cloacimonadia,0,0
no UV,T6,PP,PP_no UV_T6, Lineage IIb,0,0
no UV,T6,PP,PP_no UV_T6, Erysipelotrichia,0,0
no UV,T6,PP,PP_no UV_T6, SPG12-343-353-B69,0,0
no UV,T6,PP,PP_no UV_T6, Microgenomatia,0,0
no UV,T6,PP,PP_no UV_T6, LD1-PA32,0,0
no UV,T6,PP,PP_no UV_T6, Babeliae,0,0
no UV,T6,PP,PP_no UV_T6, d142,0,0
no UV,T6,PP,PP_no UV_T6, WCHB1-81,0,0
no UV,T6,PP,PP_no UV_T6, ABY1,0,0
UV,T6,PE,PE_UV_T6, Fibrobacteria,0,0
UV,T6,PE,PE_UV_T6, Negativicutes,0,0
UV,T6,PE,PE_UV_T6, Leptospirae,0,0
UV,T6,PE,PE_UV_T6, Subgroup 26,0,0
UV,T6,PE,PE_UV_T6, Subgroup 6,0,0
UV,T6,PE,PE_UV_T6, Nitrososphaeria,0,0
UV,T6,PE,PE_UV_T6, Ktedonobacteria,0,0
UV,T6,PE,PE_UV_T6, Coriobacteriia,0,0
UV,T6,PE,PE_UV_T6, Hydrogenedentia,0,0
UV,T6,PE,PE_UV_T6, Dadabacteriia,0,0
UV,T6,PE,PE_UV_T6, Chloroflexia,0,0
UV,T6,PE,PE_UV_T6, Gracilibacteria,0,0
UV,T6,PE,PE_UV_T6, 028H05-P-BN-P5,0,0
UV,T6,PE,PE_UV_T6, Latescibacteria,0,0
UV,T6,PE,PE_UV_T6, Gemmatimonadetes,0,0
UV,T6,PE,PE_UV_T6, Acidobacteriia,0,0
UV,T6,PE,PE_UV_T6, Subgroup 22,0,0
UV,T6,PE,PE_UV_T6, KD4-96,0,0
UV,T6,PE,PE_UV_T6, Spirochaetia,0,0
UV,T6,PE,PE_UV_T6, Omnitrophia,0,0
UV,T6,PE,PE_UV_T6, Holophagae,0,0
UV,T6,PE,PE_UV_T6, Nitrospira,0,0
UV,T6,PE,PE_UV_T6, Subgroup 9,0,0
UV,T6,PE,PE_UV_T6, Brocadiae,0,0
UV,T6,PE,PE_UV_T6, Elusimicrobia,0,0
UV,T6,PE,PE_UV_T6, Nitriliruptoria,0,0
UV,T6,PE,PE_UV_T6, Thermoplasmata,0,0
UV,T6,PE,PE_UV_T6, Subgroup 17,0,0
UV,T6,PE,PE_UV_T6, Cloacimonadia,0,0
UV,T6,PE,PE_UV_T6, Lineage IIb,0,0
UV,T6,PE,PE_UV_T6, Erysipelotrichia,0,0
UV,T6,PE,PE_UV_T6, SPG12-343-353-B69,0,0
UV,T6,PE,PE_UV_T6, Microgenomatia,0,0
UV,T6,PE,PE_UV_T6, LD1-PA32,0,0
UV,T6,PE,PE_UV_T6, d142,0,0
UV,T6,PE,PE_UV_T6, Magnetococcia,0,0
UV,T6,PE,PE_UV_T6, WCHB1-81,0,0
UV,T6,PE,PE_UV_T6, ABY1,0,0
UV,T6,Nylon,Nylon_UV_T6, Fibrobacteria,0,0
UV,T6,Nylon,Nylon_UV_T6, Negativicutes,0,0
UV,T6,Nylon,Nylon_UV_T6, JG30-KF-CM66,0,0
UV,T6,Nylon,Nylon_UV_T6, Blastocatellia (Subgroup 4),0,0
UV,T6,Nylon,Nylon_UV_T6, Subgroup 6,0,0
UV,T6,Nylon,Nylon_UV_T6, Nitrososphaeria,0,0
UV,T6,Nylon,Nylon_UV_T6, Ktedonobacteria,0,0
UV,T6,Nylon,Nylon_UV_T6, Dadabacteriia,0,0
UV,T6,Nylon,Nylon_UV_T6, Chloroflexia,0,0
UV,T6,Nylon,Nylon_UV_T6, Chlamydiae,0,0
UV,T6,Nylon,Nylon_UV_T6, Latescibacteria,0,0
UV,T6,Nylon,Nylon_UV_T6, Acidobacteriia,0,0
UV,T6,Nylon,Nylon_UV_T6, KD4-96,0,0
UV,T6,Nylon,Nylon_UV_T6, Omnitrophia,0,0
UV,T6,Nylon,Nylon_UV_T6, Campylobacteria,0,0
UV,T6,Nylon,Nylon_UV_T6, MB-A2-108,0,0
UV,T6,Nylon,Nylon_UV_T6, Subgroup 9,0,0
UV,T6,Nylon,Nylon_UV_T6, Mollicutes,0,0
UV,T6,Nylon,Nylon_UV_T6, Sericytochromatia,0,0
UV,T6,Nylon,Nylon_UV_T6, Brocadiae,0,0
UV,T6,Nylon,Nylon_UV_T6, Elusimicrobia,0,0
UV,T6,Nylon,Nylon_UV_T6, Nitriliruptoria,0,0
UV,T6,Nylon,Nylon_UV_T6, Thermoplasmata,0,0
UV,T6,Nylon,Nylon_UV_T6, Subgroup 17,0,0
UV,T6,Nylon,Nylon_UV_T6, Ignavibacteria,0,0
UV,T6,Nylon,Nylon_UV_T6, Lineage IIb,0,0
UV,T6,Nylon,Nylon_UV_T6, Erysipelotrichia,0,0
UV,T6,Nylon,Nylon_UV_T6, SPG12-343-353-B69,0,0
UV,T6,Nylon,Nylon_UV_T6, Microgenomatia,0,0
UV,T6,Nylon,Nylon_UV_T6, LD1-PA32,0,0
UV,T6,Nylon,Nylon_UV_T6, Babeliae,0,0
UV,T6,Nylon,Nylon_UV_T6, d142,0,0
UV,T6,Nylon,Nylon_UV_T6, WCHB1-81,0,0
UV,T6,Nylon,Nylon_UV_T6, ABY1,0,0
no UV,T6,PS,PS_no UV_T6, BD7-11,0,0
no UV,T6,PS,PS_no UV_T6, BD2-11 terrestrial group,0,0
no UV,T6,PS,PS_no UV_T6, Oligosphaeria,0,0
no UV,T6,PS,PS_no UV_T6, Deinococci,0,0
no UV,T6,PS,PS_no UV_T6, Parcubacteria,0,0
no UV,T6,PS,PS_no UV_T6, Kiritimatiellae,0,0
no UV,T6,PS,PS_no UV_T6, JG30-KF-CM66,0,0
no UV,T6,PS,PS_no UV_T6, Blastocatellia (Subgroup 4),0,0
no UV,T6,PS,PS_no UV_T6, Fusobacteriia,0,0
no UV,T6,PS,PS_no UV_T6, Leptospirae,0,0
no UV,T6,PS,PS_no UV_T6, Subgroup 26,0,0
no UV,T6,PS,PS_no UV_T6, Calditrichia,0,0
no UV,T6,PS,PS_no UV_T6, Nitrososphaeria,0,0
no UV,T6,PS,PS_no UV_T6, Melainabacteria,0,0
no UV,T6,PS,PS_no UV_T6, Ktedonobacteria,0,0
no UV,T6,PS,PS_no UV_T6, Pla3 lineage,0,0
no UV,T6,PS,PS_no UV_T6, Hydrogenedentia,0,0
no UV,T6,PS,PS_no UV_T6, Pla4 lineage,0,0
no UV,T6,PS,PS_no UV_T6, Dadabacteriia,0,0
no UV,T6,PS,PS_no UV_T6, 028H05-P-BN-P5,0,0
no UV,T6,PS,PS_no UV_T6, Chlamydiae,0,0
no UV,T6,PS,PS_no UV_T6, Latescibacteria,0,0
no UV,T6,PS,PS_no UV_T6, Gemmatimonadetes,0,0
no UV,T6,PS,PS_no UV_T6, Acidobacteriia,0,0
no UV,T6,PS,PS_no UV_T6, Subgroup 22,0,0
no UV,T6,PS,PS_no UV_T6, PAUC43f marine benthic group,0,0
no UV,T6,PS,PS_no UV_T6, Spirochaetia,0,0
no UV,T6,PS,PS_no UV_T6, Omnitrophia,0,0
no UV,T6,PS,PS_no UV_T6, Holophagae,0,0
no UV,T6,PS,PS_no UV_T6, Nitrospira,0,0
no UV,T6,PS,PS_no UV_T6, Campylobacteria,0,0
no UV,T6,PS,PS_no UV_T6, MB-A2-108,0,0
no UV,T6,PS,PS_no UV_T6, Subgroup 9,0,0
no UV,T6,PS,PS_no UV_T6, AT-s3-28,0,0
no UV,T6,PS,PS_no UV_T6, Mollicutes,0,0
no UV,T6,PS,PS_no UV_T6, Brocadiae,0,0
no UV,T6,PS,PS_no UV_T6, Elusimicrobia,0,0
no UV,T6,PS,PS_no UV_T6, Subgroup 21,0,0
no UV,T6,PS,PS_no UV_T6, Nitriliruptoria,0,0
no UV,T6,PS,PS_no UV_T6, Subgroup 17,0,0
no UV,T6,PS,PS_no UV_T6, Ignavibacteria,0,0
no UV,T6,PS,PS_no UV_T6, Cloacimonadia,0,0
no UV,T6,PS,PS_no UV_T6, Lineage IIb,0,0
no UV,T6,PS,PS_no UV_T6, SPG12-343-353-B69,0,0
no UV,T6,PS,PS_no UV_T6, Microgenomatia,0,0
no UV,T6,PS,PS_no UV_T6, LD1-PA32,0,0
no UV,T6,PS,PS_no UV_T6, Babeliae,0,0
no UV,T6,PS,PS_no UV_T6, d142,0,0
no UV,T6,PS,PS_no UV_T6, Magnetococcia,0,0
no UV,T6,PS,PS_no UV_T6, WCHB1-81,0,0
no UV,T6,PS,PS_no UV_T6, ABY1,0,0
no UV,T6,PE,PE_no UV_T6, BD7-11,0,0
no UV,T6,PE,PE_no UV_T6, Fibrobacteria,0,0
no UV,T6,PE,PE_no UV_T6, Saccharimonadia,0,0
no UV,T6,PE,PE_no UV_T6, JG30-KF-CM66,0,0
no UV,T6,PE,PE_no UV_T6, vadinHA49,0,0
no UV,T6,PE,PE_no UV_T6, Blastocatellia (Subgroup 4),0,0
no UV,T6,PE,PE_no UV_T6, Subgroup 26,0,0
no UV,T6,PE,PE_no UV_T6, Subgroup 6,0,0
no UV,T6,PE,PE_no UV_T6, Calditrichia,0,0
no UV,T6,PE,PE_no UV_T6, Nitrososphaeria,0,0
no UV,T6,PE,PE_no UV_T6, Ktedonobacteria,0,0
no UV,T6,PE,PE_no UV_T6, Pla3 lineage,0,0
no UV,T6,PE,PE_no UV_T6, Coriobacteriia,0,0
no UV,T6,PE,PE_no UV_T6, Pla4 lineage,0,0
no UV,T6,PE,PE_no UV_T6, Dadabacteriia,0,0
no UV,T6,PE,PE_no UV_T6, Chloroflexia,0,0
no UV,T6,PE,PE_no UV_T6, 028H05-P-BN-P5,0,0
no UV,T6,PE,PE_no UV_T6, Gemmatimonadetes,0,0
no UV,T6,PE,PE_no UV_T6, Acidobacteriia,0,0
no UV,T6,PE,PE_no UV_T6, PAUC43f marine benthic group,0,0
no UV,T6,PE,PE_no UV_T6, Spirochaetia,0,0
no UV,T6,PE,PE_no UV_T6, Omnitrophia,0,0
no UV,T6,PE,PE_no UV_T6, Nitrospira,0,0
no UV,T6,PE,PE_no UV_T6, Campylobacteria,0,0
no UV,T6,PE,PE_no UV_T6, MB-A2-108,0,0
no UV,T6,PE,PE_no UV_T6, Subgroup 9,0,0
no UV,T6,PE,PE_no UV_T6, AT-s3-28,0,0
no UV,T6,PE,PE_no UV_T6, Mollicutes,0,0
no UV,T6,PE,PE_no UV_T6, Brocadiae,0,0
no UV,T6,PE,PE_no UV_T6, Elusimicrobia,0,0
no UV,T6,PE,PE_no UV_T6, Subgroup 21,0,0
no UV,T6,PE,PE_no UV_T6, Nitriliruptoria,0,0
no UV,T6,PE,PE_no UV_T6, Thermoplasmata,0,0
no UV,T6,PE,PE_no UV_T6, Subgroup 17,0,0
no UV,T6,PE,PE_no UV_T6, Ignavibacteria,0,0
no UV,T6,PE,PE_no UV_T6, Cloacimonadia,0,0
no UV,T6,PE,PE_no UV_T6, Lineage IIb,0,0
no UV,T6,PE,PE_no UV_T6, SPG12-343-353-B69,0,0
no UV,T6,PE,PE_no UV_T6, LD1-PA32,0,0
no UV,T6,PE,PE_no UV_T6, Babeliae,0,0
no UV,T6,PE,PE_no UV_T6, d142,0,0
no UV,T6,PE,PE_no UV_T6, Magnetococcia,0,0
no UV,T6,PE,PE_no UV_T6, WCHB1-81,0,0
no UV,T6,PE,PE_no UV_T6, ABY1,0,0
UV,T6,PP,PP_UV_T6, Fibrobacteria,0,0
UV,T6,PP,PP_UV_T6, Negativicutes,0,0
UV,T6,PP,PP_UV_T6, JG30-KF-CM66,0,0
UV,T6,PP,PP_UV_T6, vadinHA49,0,0
UV,T6,PP,PP_UV_T6, Leptospirae,0,0
UV,T6,PP,PP_UV_T6, Subgroup 26,0,0
UV,T6,PP,PP_UV_T6, Nitrososphaeria,0,0
UV,T6,PP,PP_UV_T6, Ktedonobacteria,0,0
UV,T6,PP,PP_UV_T6, Coriobacteriia,0,0
UV,T6,PP,PP_UV_T6, Dadabacteriia,0,0
UV,T6,PP,PP_UV_T6, Chloroflexia,0,0
UV,T6,PP,PP_UV_T6, Gracilibacteria,0,0
UV,T6,PP,PP_UV_T6, 028H05-P-BN-P5,0,0
UV,T6,PP,PP_UV_T6, Gemmatimonadetes,0,0
UV,T6,PP,PP_UV_T6, Acidobacteriia,0,0
UV,T6,PP,PP_UV_T6, Omnitrophia,0,0
UV,T6,PP,PP_UV_T6, Holophagae,0,0
UV,T6,PP,PP_UV_T6, Campylobacteria,0,0
UV,T6,PP,PP_UV_T6, MB-A2-108,0,0
UV,T6,PP,PP_UV_T6, Subgroup 9,0,0
UV,T6,PP,PP_UV_T6, AT-s3-28,0,0
UV,T6,PP,PP_UV_T6, Mollicutes,0,0
UV,T6,PP,PP_UV_T6, Brocadiae,0,0
UV,T6,PP,PP_UV_T6, Elusimicrobia,0,0
UV,T6,PP,PP_UV_T6, Subgroup 21,0,0
UV,T6,PP,PP_UV_T6, Nitriliruptoria,0,0
UV,T6,PP,PP_UV_T6, Thermoplasmata,0,0
UV,T6,PP,PP_UV_T6, Subgroup 17,0,0
UV,T6,PP,PP_UV_T6, Cloacimonadia,0,0
UV,T6,PP,PP_UV_T6, Lineage IIb,0,0
UV,T6,PP,PP_UV_T6, Erysipelotrichia,0,0
UV,T6,PP,PP_UV_T6, SPG12-343-353-B69,0,0
UV,T6,PP,PP_UV_T6, Microgenomatia,0,0
UV,T6,PP,PP_UV_T6, LD1-PA32,0,0
UV,T6,PP,PP_UV_T6, Babeliae,0,0
UV,T6,PP,PP_UV_T6, Magnetococcia,0,0
UV,T6,PP,PP_UV_T6, WCHB1-81,0,0
UV,T6,PP,PP_UV_T6, ABY1,0,0
no UV,T6,PET,PET_no UV_T6, BD7-11,0,0
no UV,T6,PET,PET_no UV_T6, Fibrobacteria,0,0
no UV,T6,PET,PET_no UV_T6, JG30-KF-CM66,0,0
no UV,T6,PET,PET_no UV_T6, Leptospirae,0,0
no UV,T6,PET,PET_no UV_T6, Subgroup 26,0,0
no UV,T6,PET,PET_no UV_T6, Subgroup 6,0,0
no UV,T6,PET,PET_no UV_T6, Nitrososphaeria,0,0
no UV,T6,PET,PET_no UV_T6, Ktedonobacteria,0,0
no UV,T6,PET,PET_no UV_T6, Woesearchaeia,0,0
no UV,T6,PET,PET_no UV_T6, Pla3 lineage,0,0
no UV,T6,PET,PET_no UV_T6, Hydrogenedentia,0,0
no UV,T6,PET,PET_no UV_T6, Pla4 lineage,0,0
no UV,T6,PET,PET_no UV_T6, Chloroflexia,0,0
no UV,T6,PET,PET_no UV_T6, Gracilibacteria,0,0
no UV,T6,PET,PET_no UV_T6, 028H05-P-BN-P5,0,0
no UV,T6,PET,PET_no UV_T6, Chlamydiae,0,0
no UV,T6,PET,PET_no UV_T6, Latescibacteria,0,0
no UV,T6,PET,PET_no UV_T6, Gemmatimonadetes,0,0
no UV,T6,PET,PET_no UV_T6, Acidobacteriia,0,0
no UV,T6,PET,PET_no UV_T6, KD4-96,0,0
no UV,T6,PET,PET_no UV_T6, Thermoleophilia,0,0
no UV,T6,PET,PET_no UV_T6, PAUC43f marine benthic group,0,0
no UV,T6,PET,PET_no UV_T6, Omnitrophia,0,0
no UV,T6,PET,PET_no UV_T6, Nitrospira,0,0
no UV,T6,PET,PET_no UV_T6, Campylobacteria,0,0
no UV,T6,PET,PET_no UV_T6, MB-A2-108,0,0
no UV,T6,PET,PET_no UV_T6, Subgroup 9,0,0
no UV,T6,PET,PET_no UV_T6, AT-s3-28,0,0
no UV,T6,PET,PET_no UV_T6, Sericytochromatia,0,0
no UV,T6,PET,PET_no UV_T6, Brocadiae,0,0
no UV,T6,PET,PET_no UV_T6, Elusimicrobia,0,0
no UV,T6,PET,PET_no UV_T6, Subgroup 21,0,0
no UV,T6,PET,PET_no UV_T6, Nitriliruptoria,0,0
no UV,T6,PET,PET_no UV_T6, Thermoplasmata,0,0
no UV,T6,PET,PET_no UV_T6, Subgroup 17,0,0
no UV,T6,PET,PET_no UV_T6, Ignavibacteria,0,0
no UV,T6,PET,PET_no UV_T6, Cloacimonadia,0,0
no UV,T6,PET,PET_no UV_T6, Lineage IIb,0,0
no UV,T6,PET,PET_no UV_T6, Erysipelotrichia,0,0
no UV,T6,PET,PET_no UV_T6, SPG12-343-353-B69,0,0
no UV,T6,PET,PET_no UV_T6, Microgenomatia,0,0
no UV,T6,PET,PET_no UV_T6, LD1-PA32,0,0
no UV,T6,PET,PET_no UV_T6, Babeliae,0,0
no UV,T6,PET,PET_no UV_T6, d142,0,0
no UV,T6,PET,PET_no UV_T6, Magnetococcia,0,0
no UV,T6,PET,PET_no UV_T6, ABY1,0,0
no UV,T6,Nylon,Nylon_no UV_T6, Planctomycetacia,0,0
no UV,T6,Nylon,Nylon_no UV_T6, Fibrobacteria,0,0
no UV,T6,Nylon,Nylon_no UV_T6, Negativicutes,0,0
no UV,T6,Nylon,Nylon_no UV_T6, Saccharimonadia,0,0
no UV,T6,Nylon,Nylon_no UV_T6, Deinococci,0,0
no UV,T6,Nylon,Nylon_no UV_T6, Kiritimatiellae,0,0
no UV,T6,Nylon,Nylon_no UV_T6, JG30-KF-CM66,0,0
no UV,T6,Nylon,Nylon_no UV_T6, Thermoanaerobaculia,0,0
no UV,T6,Nylon,Nylon_no UV_T6, Fusobacteriia,0,0
no UV,T6,Nylon,Nylon_no UV_T6, Leptospirae,0,0
no UV,T6,Nylon,Nylon_no UV_T6, Subgroup 26,0,0
no UV,T6,Nylon,Nylon_no UV_T6, Subgroup 6,0,0
no UV,T6,Nylon,Nylon_no UV_T6, Calditrichia,0,0
no UV,T6,Nylon,Nylon_no UV_T6, Nitrososphaeria,0,0
no UV,T6,Nylon,Nylon_no UV_T6, Ktedonobacteria,0,0
no UV,T6,Nylon,Nylon_no UV_T6, Woesearchaeia,0,0
no UV,T6,Nylon,Nylon_no UV_T6, Pla3 lineage,0,0
no UV,T6,Nylon,Nylon_no UV_T6, Coriobacteriia,0,0
no UV,T6,Nylon,Nylon_no UV_T6, Hydrogenedentia,0,0
no UV,T6,Nylon,Nylon_no UV_T6, Pla4 lineage,0,0
no UV,T6,Nylon,Nylon_no UV_T6, Dadabacteriia,0,0
no UV,T6,Nylon,Nylon_no UV_T6, Chloroflexia,0,0
no UV,T6,Nylon,Nylon_no UV_T6, Gracilibacteria,0,0
no UV,T6,Nylon,Nylon_no UV_T6, 028H05-P-BN-P5,0,0
no UV,T6,Nylon,Nylon_no UV_T6, Chlamydiae,0,0
no UV,T6,Nylon,Nylon_no UV_T6, Latescibacteria,0,0
no UV,T6,Nylon,Nylon_no UV_T6, Gemmatimonadetes,0,0
no UV,T6,Nylon,Nylon_no UV_T6, Acidobacteriia,0,0
no UV,T6,Nylon,Nylon_no UV_T6, Subgroup 22,0,0
no UV,T6,Nylon,Nylon_no UV_T6, KD4-96,0,0
no UV,T6,Nylon,Nylon_no UV_T6, PAUC43f marine benthic group,0,0
no UV,T6,Nylon,Nylon_no UV_T6, Spirochaetia,0,0
no UV,T6,Nylon,Nylon_no UV_T6, Omnitrophia,0,0
no UV,T6,Nylon,Nylon_no UV_T6, Holophagae,0,0
no UV,T6,Nylon,Nylon_no UV_T6, Nitrospira,0,0
no UV,T6,Nylon,Nylon_no UV_T6, MB-A2-108,0,0
no UV,T6,Nylon,Nylon_no UV_T6, AT-s3-28,0,0
no UV,T6,Nylon,Nylon_no UV_T6, Mollicutes,0,0
no UV,T6,Nylon,Nylon_no UV_T6, Sericytochromatia,0,0
no UV,T6,Nylon,Nylon_no UV_T6, Brocadiae,0,0
no UV,T6,Nylon,Nylon_no UV_T6, Elusimicrobia,0,0
no UV,T6,Nylon,Nylon_no UV_T6, Subgroup 21,0,0
no UV,T6,Nylon,Nylon_no UV_T6, Nitriliruptoria,0,0
no UV,T6,Nylon,Nylon_no UV_T6, Thermoplasmata,0,0
no UV,T6,Nylon,Nylon_no UV_T6, Subgroup 17,0,0
no UV,T6,Nylon,Nylon_no UV_T6, Ignavibacteria,0,0
no UV,T6,Nylon,Nylon_no UV_T6, Cloacimonadia,0,0
no UV,T6,Nylon,Nylon_no UV_T6, Lineage IIb,0,0
no UV,T6,Nylon,Nylon_no UV_T6, Erysipelotrichia,0,0
no UV,T6,Nylon,Nylon_no UV_T6, SPG12-343-353-B69,0,0
no UV,T6,Nylon,Nylon_no UV_T6, Microgenomatia,0,0
no UV,T6,Nylon,Nylon_no UV_T6, LD1-PA32,0,0
no UV,T6,Nylon,Nylon_no UV_T6, Babeliae,0,0
no UV,T6,Nylon,Nylon_no UV_T6, d142,0,0
no UV,T6,Nylon,Nylon_no UV_T6, Magnetococcia,0,0
no UV,T6,Nylon,Nylon_no UV_T6, WCHB1-81,0,0
no UV,T6,Nylon,Nylon_no UV_T6, ABY1,0,0
no UV,T1,PS,PS_no UV_T1, Rhodothermia,0,0
no UV,T1,PS,PS_no UV_T1, BD7-11,0,0
no UV,T1,PS,PS_no UV_T1, BD2-11 terrestrial group,0,0
no UV,T1,PS,PS_no UV_T1, Fibrobacteria,0,0
no UV,T1,PS,PS_no UV_T1, Negativicutes,0,0
no UV,T1,PS,PS_no UV_T1, OM190,0,0
no UV,T1,PS,PS_no UV_T1, Saccharimonadia,0,0
no UV,T1,PS,PS_no UV_T1, Parcubacteria,0,0
no UV,T1,PS,PS_no UV_T1, Kiritimatiellae,0,0
no UV,T1,PS,PS_no UV_T1, JG30-KF-CM66,0,0
no UV,T1,PS,PS_no UV_T1, vadinHA49,0,0
no UV,T1,PS,PS_no UV_T1, Thermoanaerobaculia,0,0
no UV,T1,PS,PS_no UV_T1, Anaerolineae,0,0
no UV,T1,PS,PS_no UV_T1, Leptospirae,0,0
no UV,T1,PS,PS_no UV_T1, Subgroup 26,0,0
no UV,T1,PS,PS_no UV_T1, Subgroup 6,0,0
no UV,T1,PS,PS_no UV_T1, Calditrichia,0,0
no UV,T1,PS,PS_no UV_T1, Melainabacteria,0,0
no UV,T1,PS,PS_no UV_T1, Ktedonobacteria,0,0
no UV,T1,PS,PS_no UV_T1, Woesearchaeia,0,0
no UV,T1,PS,PS_no UV_T1, Pla3 lineage,0,0
no UV,T1,PS,PS_no UV_T1, Coriobacteriia,0,0
no UV,T1,PS,PS_no UV_T1, Hydrogenedentia,0,0
no UV,T1,PS,PS_no UV_T1, Pla4 lineage,0,0
no UV,T1,PS,PS_no UV_T1, Dadabacteriia,0,0
no UV,T1,PS,PS_no UV_T1, 028H05-P-BN-P5,0,0
no UV,T1,PS,PS_no UV_T1, Chlamydiae,0,0
no UV,T1,PS,PS_no UV_T1, Latescibacteria,0,0
no UV,T1,PS,PS_no UV_T1, Gemmatimonadetes,0,0
no UV,T1,PS,PS_no UV_T1, Acidobacteriia,0,0
no UV,T1,PS,PS_no UV_T1, Subgroup 22,0,0
no UV,T1,PS,PS_no UV_T1, Thermoleophilia,0,0
no UV,T1,PS,PS_no UV_T1, PAUC43f marine benthic group,0,0
no UV,T1,PS,PS_no UV_T1, Spirochaetia,0,0
no UV,T1,PS,PS_no UV_T1, Omnitrophia,0,0
no UV,T1,PS,PS_no UV_T1, Holophagae,0,0
no UV,T1,PS,PS_no UV_T1, Nitrospira,0,0
no UV,T1,PS,PS_no UV_T1, Campylobacteria,0,0
no UV,T1,PS,PS_no UV_T1, Subgroup 9,0,0
no UV,T1,PS,PS_no UV_T1, AT-s3-28,0,0
no UV,T1,PS,PS_no UV_T1, Mollicutes,0,0
no UV,T1,PS,PS_no UV_T1, Sericytochromatia,0,0
no UV,T1,PS,PS_no UV_T1, Brocadiae,0,0
no UV,T1,PS,PS_no UV_T1, Elusimicrobia,0,0
no UV,T1,PS,PS_no UV_T1, Subgroup 21,0,0
no UV,T1,PS,PS_no UV_T1, Nitriliruptoria,0,0
no UV,T1,PS,PS_no UV_T1, Thermoplasmata,0,0
no UV,T1,PS,PS_no UV_T1, Subgroup 17,0,0
no UV,T1,PS,PS_no UV_T1, Ignavibacteria,0,0
no UV,T1,PS,PS_no UV_T1, Cloacimonadia,0,0
no UV,T1,PS,PS_no UV_T1, Lineage IIb,0,0
no UV,T1,PS,PS_no UV_T1, Erysipelotrichia,0,0
no UV,T1,PS,PS_no UV_T1, SPG12-343-353-B69,0,0
no UV,T1,PS,PS_no UV_T1, Microgenomatia,0,0
no UV,T1,PS,PS_no UV_T1, LD1-PA32,0,0
no UV,T1,PS,PS_no UV_T1, Babeliae,0,0
no UV,T1,PS,PS_no UV_T1, d142,0,0
no UV,T1,PS,PS_no UV_T1, Magnetococcia,0,0
no UV,T1,PS,PS_no UV_T1, WCHB1-81,0,0
no UV,T1,PS,PS_no UV_T1, ABY1,0,0
UV,T1,PP,PP_UV_T1, Rhodothermia,0,0
UV,T1,PP,PP_UV_T1, BD7-11,0,0
UV,T1,PP,PP_UV_T1, BD2-11 terrestrial group,0,0
UV,T1,PP,PP_UV_T1, Fibrobacteria,0,0
UV,T1,PP,PP_UV_T1, Oligosphaeria,0,0
UV,T1,PP,PP_UV_T1, Saccharimonadia,0,0
UV,T1,PP,PP_UV_T1, Deinococci,0,0
UV,T1,PP,PP_UV_T1, Kiritimatiellae,0,0
UV,T1,PP,PP_UV_T1, JG30-KF-CM66,0,0
UV,T1,PP,PP_UV_T1, vadinHA49,0,0
UV,T1,PP,PP_UV_T1, Thermoanaerobaculia,0,0
UV,T1,PP,PP_UV_T1, Lentisphaeria,0,0
UV,T1,PP,PP_UV_T1, Fusobacteriia,0,0
UV,T1,PP,PP_UV_T1, Leptospirae,0,0
UV,T1,PP,PP_UV_T1, Subgroup 26,0,0
UV,T1,PP,PP_UV_T1, Subgroup 6,0,0
UV,T1,PP,PP_UV_T1, Calditrichia,0,0
UV,T1,PP,PP_UV_T1, Nitrososphaeria,0,0
UV,T1,PP,PP_UV_T1, Ktedonobacteria,0,0
UV,T1,PP,PP_UV_T1, Woesearchaeia,0,0
UV,T1,PP,PP_UV_T1, Pla3 lineage,0,0
UV,T1,PP,PP_UV_T1, Hydrogenedentia,0,0
UV,T1,PP,PP_UV_T1, Pla4 lineage,0,0
UV,T1,PP,PP_UV_T1, Dadabacteriia,0,0
UV,T1,PP,PP_UV_T1, Chloroflexia,0,0
UV,T1,PP,PP_UV_T1, 028H05-P-BN-P5,0,0
UV,T1,PP,PP_UV_T1, Chlamydiae,0,0
UV,T1,PP,PP_UV_T1, Latescibacteria,0,0
UV,T1,PP,PP_UV_T1, Gemmatimonadetes,0,0
UV,T1,PP,PP_UV_T1, Acidobacteriia,0,0
UV,T1,PP,PP_UV_T1, Subgroup 22,0,0
UV,T1,PP,PP_UV_T1, KD4-96,0,0
UV,T1,PP,PP_UV_T1, Thermoleophilia,0,0
UV,T1,PP,PP_UV_T1, PAUC43f marine benthic group,0,0
UV,T1,PP,PP_UV_T1, Spirochaetia,0,0
UV,T1,PP,PP_UV_T1, Omnitrophia,0,0
UV,T1,PP,PP_UV_T1, Holophagae,0,0
UV,T1,PP,PP_UV_T1, Nitrospira,0,0
UV,T1,PP,PP_UV_T1, MB-A2-108,0,0
UV,T1,PP,PP_UV_T1, Subgroup 9,0,0
UV,T1,PP,PP_UV_T1, AT-s3-28,0,0
UV,T1,PP,PP_UV_T1, Mollicutes,0,0
UV,T1,PP,PP_UV_T1, Sericytochromatia,0,0
UV,T1,PP,PP_UV_T1, Elusimicrobia,0,0
UV,T1,PP,PP_UV_T1, Subgroup 21,0,0
UV,T1,PP,PP_UV_T1, Nitriliruptoria,0,0
UV,T1,PP,PP_UV_T1, Thermoplasmata,0,0
UV,T1,PP,PP_UV_T1, Subgroup 17,0,0
UV,T1,PP,PP_UV_T1, Ignavibacteria,0,0
UV,T1,PP,PP_UV_T1, Cloacimonadia,0,0
UV,T1,PP,PP_UV_T1, Lineage IIb,0,0
UV,T1,PP,PP_UV_T1, Erysipelotrichia,0,0
UV,T1,PP,PP_UV_T1, SPG12-343-353-B69,0,0
UV,T1,PP,PP_UV_T1, Microgenomatia,0,0
UV,T1,PP,PP_UV_T1, LD1-PA32,0,0
UV,T1,PP,PP_UV_T1, Babeliae,0,0
UV,T1,PP,PP_UV_T1, d142,0,0
UV,T1,PP,PP_UV_T1, Magnetococcia,0,0
UV,T1,PP,PP_UV_T1, WCHB1-81,0,0
UV,T1,PP,PP_UV_T1, ABY1,0,0
no UV,T1,Nylon,Nylon_no UV_T1, Phycisphaerae,0,0
no UV,T1,Nylon,Nylon_no UV_T1, Rhodothermia,0,0
no UV,T1,Nylon,Nylon_no UV_T1, Acidimicrobiia,0,0
no UV,T1,Nylon,Nylon_no UV_T1, Planctomycetacia,0,0
no UV,T1,Nylon,Nylon_no UV_T1, BD7-11,0,0
no UV,T1,Nylon,Nylon_no UV_T1, BD2-11 terrestrial group,0,0
no UV,T1,Nylon,Nylon_no UV_T1, Fibrobacteria,0,0
no UV,T1,Nylon,Nylon_no UV_T1, Oligosphaeria,0,0
no UV,T1,Nylon,Nylon_no UV_T1, Negativicutes,0,0
no UV,T1,Nylon,Nylon_no UV_T1, OM190,0,0
no UV,T1,Nylon,Nylon_no UV_T1, Saccharimonadia,0,0
no UV,T1,Nylon,Nylon_no UV_T1, Deinococci,0,0
no UV,T1,Nylon,Nylon_no UV_T1, Parcubacteria,0,0
no UV,T1,Nylon,Nylon_no UV_T1, Kiritimatiellae,0,0
no UV,T1,Nylon,Nylon_no UV_T1, JG30-KF-CM66,0,0
no UV,T1,Nylon,Nylon_no UV_T1, vadinHA49,0,0
no UV,T1,Nylon,Nylon_no UV_T1, Thermoanaerobaculia,0,0
no UV,T1,Nylon,Nylon_no UV_T1, Lentisphaeria,0,0
no UV,T1,Nylon,Nylon_no UV_T1, Anaerolineae,0,0
no UV,T1,Nylon,Nylon_no UV_T1, Fusobacteriia,0,0
no UV,T1,Nylon,Nylon_no UV_T1, Leptospirae,0,0
no UV,T1,Nylon,Nylon_no UV_T1, Subgroup 26,0,0
no UV,T1,Nylon,Nylon_no UV_T1, Subgroup 6,0,0
no UV,T1,Nylon,Nylon_no UV_T1, Calditrichia,0,0
no UV,T1,Nylon,Nylon_no UV_T1, Nitrososphaeria,0,0
no UV,T1,Nylon,Nylon_no UV_T1, Ktedonobacteria,0,0
no UV,T1,Nylon,Nylon_no UV_T1, Woesearchaeia,0,0
no UV,T1,Nylon,Nylon_no UV_T1, Pla3 lineage,0,0
no UV,T1,Nylon,Nylon_no UV_T1, Hydrogenedentia,0,0
no UV,T1,Nylon,Nylon_no UV_T1, Pla4 lineage,0,0
no UV,T1,Nylon,Nylon_no UV_T1, Dadabacteriia,0,0
no UV,T1,Nylon,Nylon_no UV_T1, Chloroflexia,0,0
no UV,T1,Nylon,Nylon_no UV_T1, Gracilibacteria,0,0
no UV,T1,Nylon,Nylon_no UV_T1, 028H05-P-BN-P5,0,0
no UV,T1,Nylon,Nylon_no UV_T1, Latescibacteria,0,0
no UV,T1,Nylon,Nylon_no UV_T1, Acidobacteriia,0,0
no UV,T1,Nylon,Nylon_no UV_T1, Subgroup 22,0,0
no UV,T1,Nylon,Nylon_no UV_T1, KD4-96,0,0
no UV,T1,Nylon,Nylon_no UV_T1, Thermoleophilia,0,0
no UV,T1,Nylon,Nylon_no UV_T1, PAUC43f marine benthic group,0,0
no UV,T1,Nylon,Nylon_no UV_T1, Spirochaetia,0,0
no UV,T1,Nylon,Nylon_no UV_T1, Omnitrophia,0,0
no UV,T1,Nylon,Nylon_no UV_T1, Holophagae,0,0
no UV,T1,Nylon,Nylon_no UV_T1, Nitrospira,0,0
no UV,T1,Nylon,Nylon_no UV_T1, Campylobacteria,0,0
no UV,T1,Nylon,Nylon_no UV_T1, MB-A2-108,0,0
no UV,T1,Nylon,Nylon_no UV_T1, Subgroup 9,0,0
no UV,T1,Nylon,Nylon_no UV_T1, AT-s3-28,0,0
no UV,T1,Nylon,Nylon_no UV_T1, Mollicutes,0,0
no UV,T1,Nylon,Nylon_no UV_T1, Sericytochromatia,0,0
no UV,T1,Nylon,Nylon_no UV_T1, Brocadiae,0,0
no UV,T1,Nylon,Nylon_no UV_T1, Elusimicrobia,0,0
no UV,T1,Nylon,Nylon_no UV_T1, Subgroup 21,0,0
no UV,T1,Nylon,Nylon_no UV_T1, Nitriliruptoria,0,0
no UV,T1,Nylon,Nylon_no UV_T1, Thermoplasmata,0,0
no UV,T1,Nylon,Nylon_no UV_T1, Subgroup 17,0,0
no UV,T1,Nylon,Nylon_no UV_T1, Ignavibacteria,0,0
no UV,T1,Nylon,Nylon_no UV_T1, Cloacimonadia,0,0
no UV,T1,Nylon,Nylon_no UV_T1, Lineage IIb,0,0
no UV,T1,Nylon,Nylon_no UV_T1, Erysipelotrichia,0,0
no UV,T1,Nylon,Nylon_no UV_T1, SPG12-343-353-B69,0,0
no UV,T1,Nylon,Nylon_no UV_T1, Microgenomatia,0,0
no UV,T1,Nylon,Nylon_no UV_T1, LD1-PA32,0,0
no UV,T1,Nylon,Nylon_no UV_T1, d142,0,0
no UV,T1,Nylon,Nylon_no UV_T1, Magnetococcia,0,0
no UV,T1,Nylon,Nylon_no UV_T1, WCHB1-81,0,0
no UV,T1,Nylon,Nylon_no UV_T1, ABY1,0,0
UV,T6,PET,PET_UV_T6, BD2-11 terrestrial group,0,0
UV,T6,PET,PET_UV_T6, Fibrobacteria,0,0
UV,T6,PET,PET_UV_T6, Negativicutes,0,0
UV,T6,PET,PET_UV_T6, Saccharimonadia,0,0
UV,T6,PET,PET_UV_T6, Deinococci,0,0
UV,T6,PET,PET_UV_T6, JG30-KF-CM66,0,0
UV,T6,PET,PET_UV_T6, Blastocatellia (Subgroup 4),0,0
UV,T6,PET,PET_UV_T6, Leptospirae,0,0
UV,T6,PET,PET_UV_T6, Subgroup 6,0,0
UV,T6,PET,PET_UV_T6, Calditrichia,0,0
UV,T6,PET,PET_UV_T6, Nitrososphaeria,0,0
UV,T6,PET,PET_UV_T6, Ktedonobacteria,0,0
UV,T6,PET,PET_UV_T6, Woesearchaeia,0,0
UV,T6,PET,PET_UV_T6, Pla3 lineage,0,0
UV,T6,PET,PET_UV_T6, Coriobacteriia,0,0
UV,T6,PET,PET_UV_T6, Hydrogenedentia,0,0
UV,T6,PET,PET_UV_T6, Chloroflexia,0,0
UV,T6,PET,PET_UV_T6, 028H05-P-BN-P5,0,0
UV,T6,PET,PET_UV_T6, Chlamydiae,0,0
UV,T6,PET,PET_UV_T6, Latescibacteria,0,0
UV,T6,PET,PET_UV_T6, Gemmatimonadetes,0,0
UV,T6,PET,PET_UV_T6, Acidobacteriia,0,0
UV,T6,PET,PET_UV_T6, Thermoleophilia,0,0
UV,T6,PET,PET_UV_T6, Omnitrophia,0,0
UV,T6,PET,PET_UV_T6, Nitrospira,0,0
UV,T6,PET,PET_UV_T6, Campylobacteria,0,0
UV,T6,PET,PET_UV_T6, MB-A2-108,0,0
UV,T6,PET,PET_UV_T6, Subgroup 9,0,0
UV,T6,PET,PET_UV_T6, AT-s3-28,0,0
UV,T6,PET,PET_UV_T6, Mollicutes,0,0
UV,T6,PET,PET_UV_T6, Sericytochromatia,0,0
UV,T6,PET,PET_UV_T6, Brocadiae,0,0
UV,T6,PET,PET_UV_T6, Elusimicrobia,0,0
UV,T6,PET,PET_UV_T6, Nitriliruptoria,0,0
UV,T6,PET,PET_UV_T6, Thermoplasmata,0,0
UV,T6,PET,PET_UV_T6, Subgroup 17,0,0
UV,T6,PET,PET_UV_T6, Ignavibacteria,0,0
UV,T6,PET,PET_UV_T6, Cloacimonadia,0,0
UV,T6,PET,PET_UV_T6, Lineage IIb,0,0
UV,T6,PET,PET_UV_T6, Erysipelotrichia,0,0
UV,T6,PET,PET_UV_T6, SPG12-343-353-B69,0,0
UV,T6,PET,PET_UV_T6, Microgenomatia,0,0
UV,T6,PET,PET_UV_T6, LD1-PA32,0,0
UV,T6,PET,PET_UV_T6, Babeliae,0,0
UV,T6,PET,PET_UV_T6, d142,0,0
UV,T6,PET,PET_UV_T6, Magnetococcia,0,0
UV,T6,PET,PET_UV_T6, WCHB1-81,0,0
no UV,T1,PE,PE_no UV_T1, Planctomycetacia,0,0
no UV,T1,PE,PE_no UV_T1, BD7-11,0,0
no UV,T1,PE,PE_no UV_T1, Fibrobacteria,0,0
no UV,T1,PE,PE_no UV_T1, Oligosphaeria,0,0
no UV,T1,PE,PE_no UV_T1, Saccharimonadia,0,0
no UV,T1,PE,PE_no UV_T1, Kiritimatiellae,0,0
no UV,T1,PE,PE_no UV_T1, vadinHA49,0,0
no UV,T1,PE,PE_no UV_T1, Fusobacteriia,0,0
no UV,T1,PE,PE_no UV_T1, Leptospirae,0,0
no UV,T1,PE,PE_no UV_T1, Subgroup 26,0,0
no UV,T1,PE,PE_no UV_T1, Subgroup 6,0,0
no UV,T1,PE,PE_no UV_T1, Calditrichia,0,0
no UV,T1,PE,PE_no UV_T1, Ktedonobacteria,0,0
no UV,T1,PE,PE_no UV_T1, Woesearchaeia,0,0
no UV,T1,PE,PE_no UV_T1, Pla3 lineage,0,0
no UV,T1,PE,PE_no UV_T1, Coriobacteriia,0,0
no UV,T1,PE,PE_no UV_T1, Hydrogenedentia,0,0
no UV,T1,PE,PE_no UV_T1, Pla4 lineage,0,0
no UV,T1,PE,PE_no UV_T1, Dadabacteriia,0,0
no UV,T1,PE,PE_no UV_T1, Chloroflexia,0,0
no UV,T1,PE,PE_no UV_T1, Gracilibacteria,0,0
no UV,T1,PE,PE_no UV_T1, 028H05-P-BN-P5,0,0
no UV,T1,PE,PE_no UV_T1, Latescibacteria,0,0
no UV,T1,PE,PE_no UV_T1, Gemmatimonadetes,0,0
no UV,T1,PE,PE_no UV_T1, Acidobacteriia,0,0
no UV,T1,PE,PE_no UV_T1, Subgroup 22,0,0
no UV,T1,PE,PE_no UV_T1, Thermoleophilia,0,0
no UV,T1,PE,PE_no UV_T1, Spirochaetia,0,0
no UV,T1,PE,PE_no UV_T1, Omnitrophia,0,0
no UV,T1,PE,PE_no UV_T1, Holophagae,0,0
no UV,T1,PE,PE_no UV_T1, Nitrospira,0,0
no UV,T1,PE,PE_no UV_T1, Campylobacteria,0,0
no UV,T1,PE,PE_no UV_T1, MB-A2-108,0,0
no UV,T1,PE,PE_no UV_T1, Subgroup 9,0,0
no UV,T1,PE,PE_no UV_T1, AT-s3-28,0,0
no UV,T1,PE,PE_no UV_T1, Mollicutes,0,0
no UV,T1,PE,PE_no UV_T1, Sericytochromatia,0,0
no UV,T1,PE,PE_no UV_T1, Brocadiae,0,0
no UV,T1,PE,PE_no UV_T1, Elusimicrobia,0,0
no UV,T1,PE,PE_no UV_T1, Subgroup 21,0,0
no UV,T1,PE,PE_no UV_T1, Nitriliruptoria,0,0
no UV,T1,PE,PE_no UV_T1, Thermoplasmata,0,0
no UV,T1,PE,PE_no UV_T1, Subgroup 17,0,0
no UV,T1,PE,PE_no UV_T1, Cloacimonadia,0,0
no UV,T1,PE,PE_no UV_T1, Lineage IIb,0,0
no UV,T1,PE,PE_no UV_T1, Erysipelotrichia,0,0
no UV,T1,PE,PE_no UV_T1, SPG12-343-353-B69,0,0
no UV,T1,PE,PE_no UV_T1, Microgenomatia,0,0
no UV,T1,PE,PE_no UV_T1, LD1-PA32,0,0
no UV,T1,PE,PE_no UV_T1, Babeliae,0,0
no UV,T1,PE,PE_no UV_T1, d142,0,0
no UV,T1,PE,PE_no UV_T1, Magnetococcia,0,0
no UV,T1,PE,PE_no UV_T1, WCHB1-81,0,0
no UV,T1,PE,PE_no UV_T1, ABY1,0,0
no UV,T1,PP,PP_no UV_T1, BD7-11,0,0
no UV,T1,PP,PP_no UV_T1, Oligosphaeria,0,0
no UV,T1,PP,PP_no UV_T1, Saccharimonadia,0,0
no UV,T1,PP,PP_no UV_T1, Deinococci,0,0
no UV,T1,PP,PP_no UV_T1, Parcubacteria,0,0
no UV,T1,PP,PP_no UV_T1, JG30-KF-CM66,0,0
no UV,T1,PP,PP_no UV_T1, Leptospirae,0,0
no UV,T1,PP,PP_no UV_T1, Subgroup 26,0,0
no UV,T1,PP,PP_no UV_T1, Subgroup 6,0,0
no UV,T1,PP,PP_no UV_T1, Calditrichia,0,0
no UV,T1,PP,PP_no UV_T1, Nitrososphaeria,0,0
no UV,T1,PP,PP_no UV_T1, Melainabacteria,0,0
no UV,T1,PP,PP_no UV_T1, Ktedonobacteria,0,0
no UV,T1,PP,PP_no UV_T1, Pla3 lineage,0,0
no UV,T1,PP,PP_no UV_T1, Coriobacteriia,0,0
no UV,T1,PP,PP_no UV_T1, Hydrogenedentia,0,0
no UV,T1,PP,PP_no UV_T1, Dadabacteriia,0,0
no UV,T1,PP,PP_no UV_T1, Chloroflexia,0,0
no UV,T1,PP,PP_no UV_T1, 028H05-P-BN-P5,0,0
no UV,T1,PP,PP_no UV_T1, Chlamydiae,0,0
no UV,T1,PP,PP_no UV_T1, Latescibacteria,0,0
no UV,T1,PP,PP_no UV_T1, Gemmatimonadetes,0,0
no UV,T1,PP,PP_no UV_T1, Acidobacteriia,0,0
no UV,T1,PP,PP_no UV_T1, Thermoleophilia,0,0
no UV,T1,PP,PP_no UV_T1, PAUC43f marine benthic group,0,0
no UV,T1,PP,PP_no UV_T1, Omnitrophia,0,0
no UV,T1,PP,PP_no UV_T1, Holophagae,0,0
no UV,T1,PP,PP_no UV_T1, Nitrospira,0,0
no UV,T1,PP,PP_no UV_T1, Campylobacteria,0,0
no UV,T1,PP,PP_no UV_T1, Subgroup 9,0,0
no UV,T1,PP,PP_no UV_T1, AT-s3-28,0,0
no UV,T1,PP,PP_no UV_T1, Mollicutes,0,0
no UV,T1,PP,PP_no UV_T1, Sericytochromatia,0,0
no UV,T1,PP,PP_no UV_T1, Brocadiae,0,0
no UV,T1,PP,PP_no UV_T1, Elusimicrobia,0,0
no UV,T1,PP,PP_no UV_T1, Subgroup 21,0,0
no UV,T1,PP,PP_no UV_T1, Nitriliruptoria,0,0
no UV,T1,PP,PP_no UV_T1, Thermoplasmata,0,0
no UV,T1,PP,PP_no UV_T1, Subgroup 17,0,0
no UV,T1,PP,PP_no UV_T1, Ignavibacteria,0,0
no UV,T1,PP,PP_no UV_T1, Cloacimonadia,0,0
no UV,T1,PP,PP_no UV_T1, Lineage IIb,0,0
no UV,T1,PP,PP_no UV_T1, SPG12-343-353-B69,0,0
no UV,T1,PP,PP_no UV_T1, Microgenomatia,0,0
no UV,T1,PP,PP_no UV_T1, LD1-PA32,0,0
no UV,T1,PP,PP_no UV_T1, Babeliae,0,0
no UV,T1,PP,PP_no UV_T1, d142,0,0
no UV,T1,PP,PP_no UV_T1, Magnetococcia,0,0
no UV,T1,PP,PP_no UV_T1, WCHB1-81,0,0
no UV,T1,PP,PP_no UV_T1, ABY1,0,0
UV,T1,PET,PET_UV_T1, Phycisphaerae,0,0
UV,T1,PET,PET_UV_T1, Rhodothermia,0,0
UV,T1,PET,PET_UV_T1, BD7-11,0,0
UV,T1,PET,PET_UV_T1, BD2-11 terrestrial group,0,0
UV,T1,PET,PET_UV_T1, Fibrobacteria,0,0
UV,T1,PET,PET_UV_T1, Oligosphaeria,0,0
UV,T1,PET,PET_UV_T1, OM190,0,0
UV,T1,PET,PET_UV_T1, Saccharimonadia,0,0
UV,T1,PET,PET_UV_T1, Deinococci,0,0
UV,T1,PET,PET_UV_T1, Parcubacteria,0,0
UV,T1,PET,PET_UV_T1, JG30-KF-CM66,0,0
UV,T1,PET,PET_UV_T1, vadinHA49,0,0
UV,T1,PET,PET_UV_T1, Thermoanaerobaculia,0,0
UV,T1,PET,PET_UV_T1, Blastocatellia (Subgroup 4),0,0
UV,T1,PET,PET_UV_T1, Anaerolineae,0,0
UV,T1,PET,PET_UV_T1, Subgroup 26,0,0
UV,T1,PET,PET_UV_T1, Subgroup 6,0,0
UV,T1,PET,PET_UV_T1, Calditrichia,0,0
UV,T1,PET,PET_UV_T1, Nitrososphaeria,0,0
UV,T1,PET,PET_UV_T1, Melainabacteria,0,0
UV,T1,PET,PET_UV_T1, Ktedonobacteria,0,0
UV,T1,PET,PET_UV_T1, Woesearchaeia,0,0
UV,T1,PET,PET_UV_T1, Pla3 lineage,0,0
UV,T1,PET,PET_UV_T1, Hydrogenedentia,0,0
UV,T1,PET,PET_UV_T1, Pla4 lineage,0,0
UV,T1,PET,PET_UV_T1, Dadabacteriia,0,0
UV,T1,PET,PET_UV_T1, Chloroflexia,0,0
UV,T1,PET,PET_UV_T1, Gracilibacteria,0,0
UV,T1,PET,PET_UV_T1, 028H05-P-BN-P5,0,0
UV,T1,PET,PET_UV_T1, Chlamydiae,0,0
UV,T1,PET,PET_UV_T1, Latescibacteria,0,0
UV,T1,PET,PET_UV_T1, Gemmatimonadetes,0,0
UV,T1,PET,PET_UV_T1, Acidobacteriia,0,0
UV,T1,PET,PET_UV_T1, Subgroup 22,0,0
UV,T1,PET,PET_UV_T1, KD4-96,0,0
UV,T1,PET,PET_UV_T1, Thermoleophilia,0,0
UV,T1,PET,PET_UV_T1, PAUC43f marine benthic group,0,0
UV,T1,PET,PET_UV_T1, Spirochaetia,0,0
UV,T1,PET,PET_UV_T1, Omnitrophia,0,0
UV,T1,PET,PET_UV_T1, Holophagae,0,0
UV,T1,PET,PET_UV_T1, Nitrospira,0,0
UV,T1,PET,PET_UV_T1, MB-A2-108,0,0
UV,T1,PET,PET_UV_T1, Subgroup 9,0,0
UV,T1,PET,PET_UV_T1, AT-s3-28,0,0
UV,T1,PET,PET_UV_T1, Mollicutes,0,0
UV,T1,PET,PET_UV_T1, Sericytochromatia,0,0
UV,T1,PET,PET_UV_T1, Brocadiae,0,0
UV,T1,PET,PET_UV_T1, Elusimicrobia,0,0
UV,T1,PET,PET_UV_T1, Subgroup 21,0,0
UV,T1,PET,PET_UV_T1, Nitriliruptoria,0,0
UV,T1,PET,PET_UV_T1, Thermoplasmata,0,0
UV,T1,PET,PET_UV_T1, Subgroup 17,0,0
UV,T1,PET,PET_UV_T1, Ignavibacteria,0,0
UV,T1,PET,PET_UV_T1, Cloacimonadia,0,0
UV,T1,PET,PET_UV_T1, Lineage IIb,0,0
UV,T1,PET,PET_UV_T1, SPG12-343-353-B69,0,0
UV,T1,PET,PET_UV_T1, Microgenomatia,0,0
UV,T1,PET,PET_UV_T1, LD1-PA32,0,0
UV,T1,PET,PET_UV_T1, Babeliae,0,0
UV,T1,PET,PET_UV_T1, d142,0,0
UV,T1,PET,PET_UV_T1, Magnetococcia,0,0
UV,T1,PET,PET_UV_T1, WCHB1-81,0,0
UV,T1,PET,PET_UV_T1, ABY1,0,0
UV,T1,PE,PE_UV_T1, Rhodothermia,0,0
UV,T1,PE,PE_UV_T1, BD7-11,0,0
UV,T1,PE,PE_UV_T1, BD2-11 terrestrial group,0,0
UV,T1,PE,PE_UV_T1, Fibrobacteria,0,0
UV,T1,PE,PE_UV_T1, Oligosphaeria,0,0
UV,T1,PE,PE_UV_T1, Saccharimonadia,0,0
UV,T1,PE,PE_UV_T1, Parcubacteria,0,0
UV,T1,PE,PE_UV_T1, Kiritimatiellae,0,0
UV,T1,PE,PE_UV_T1, JG30-KF-CM66,0,0
UV,T1,PE,PE_UV_T1, vadinHA49,0,0
UV,T1,PE,PE_UV_T1, Lentisphaeria,0,0
UV,T1,PE,PE_UV_T1, Blastocatellia (Subgroup 4),0,0
UV,T1,PE,PE_UV_T1, Fusobacteriia,0,0
UV,T1,PE,PE_UV_T1, Leptospirae,0,0
UV,T1,PE,PE_UV_T1, Subgroup 26,0,0
UV,T1,PE,PE_UV_T1, Subgroup 6,0,0
UV,T1,PE,PE_UV_T1, Calditrichia,0,0
UV,T1,PE,PE_UV_T1, Nitrososphaeria,0,0
UV,T1,PE,PE_UV_T1, Woesearchaeia,0,0
UV,T1,PE,PE_UV_T1, Pla3 lineage,0,0
UV,T1,PE,PE_UV_T1, Coriobacteriia,0,0
UV,T1,PE,PE_UV_T1, Hydrogenedentia,0,0
UV,T1,PE,PE_UV_T1, Pla4 lineage,0,0
UV,T1,PE,PE_UV_T1, Dadabacteriia,0,0
UV,T1,PE,PE_UV_T1, Chloroflexia,0,0
UV,T1,PE,PE_UV_T1, Gracilibacteria,0,0
UV,T1,PE,PE_UV_T1, 028H05-P-BN-P5,0,0
UV,T1,PE,PE_UV_T1, Chlamydiae,0,0
UV,T1,PE,PE_UV_T1, Latescibacteria,0,0
UV,T1,PE,PE_UV_T1, Gemmatimonadetes,0,0
UV,T1,PE,PE_UV_T1, Acidobacteriia,0,0
UV,T1,PE,PE_UV_T1, Subgroup 22,0,0
UV,T1,PE,PE_UV_T1, Thermoleophilia,0,0
UV,T1,PE,PE_UV_T1, PAUC43f marine benthic group,0,0
UV,T1,PE,PE_UV_T1, Spirochaetia,0,0
UV,T1,PE,PE_UV_T1, Holophagae,0,0
UV,T1,PE,PE_UV_T1, Nitrospira,0,0
UV,T1,PE,PE_UV_T1, Campylobacteria,0,0
UV,T1,PE,PE_UV_T1, MB-A2-108,0,0
UV,T1,PE,PE_UV_T1, Subgroup 9,0,0
UV,T1,PE,PE_UV_T1, AT-s3-28,0,0
UV,T1,PE,PE_UV_T1, Mollicutes,0,0
UV,T1,PE,PE_UV_T1, Sericytochromatia,0,0
UV,T1,PE,PE_UV_T1, Brocadiae,0,0
UV,T1,PE,PE_UV_T1, Elusimicrobia,0,0
UV,T1,PE,PE_UV_T1, Subgroup 21,0,0
UV,T1,PE,PE_UV_T1, Nitriliruptoria,0,0
UV,T1,PE,PE_UV_T1, Thermoplasmata,0,0
UV,T1,PE,PE_UV_T1, Subgroup 17,0,0
UV,T1,PE,PE_UV_T1, Ignavibacteria,0,0
UV,T1,PE,PE_UV_T1, Cloacimonadia,0,0
UV,T1,PE,PE_UV_T1, Lineage IIb,0,0
UV,T1,PE,PE_UV_T1, Erysipelotrichia,0,0
UV,T1,PE,PE_UV_T1, SPG12-343-353-B69,0,0
UV,T1,PE,PE_UV_T1, Microgenomatia,0,0
UV,T1,PE,PE_UV_T1, LD1-PA32,0,0
UV,T1,PE,PE_UV_T1, Babeliae,0,0
UV,T1,PE,PE_UV_T1, d142,0,0
UV,T1,PE,PE_UV_T1, Magnetococcia,0,0
UV,T1,PE,PE_UV_T1, WCHB1-81,0,0
UV,T1,PE,PE_UV_T1, ABY1,0,0
UV,T1,Nylon,Nylon_UV_T1, Oxyphotobacteria,0,0
UV,T1,Nylon,Nylon_UV_T1, Phycisphaerae,0,0
UV,T1,Nylon,Nylon_UV_T1, Rhodothermia,0,0
UV,T1,Nylon,Nylon_UV_T1, BD7-11,0,0
UV,T1,Nylon,Nylon_UV_T1, BD2-11 terrestrial group,0,0
UV,T1,Nylon,Nylon_UV_T1, Fibrobacteria,0,0
UV,T1,Nylon,Nylon_UV_T1, Oligosphaeria,0,0
UV,T1,Nylon,Nylon_UV_T1, Negativicutes,0,0
UV,T1,Nylon,Nylon_UV_T1, Saccharimonadia,0,0
UV,T1,Nylon,Nylon_UV_T1, Parcubacteria,0,0
UV,T1,Nylon,Nylon_UV_T1, Kiritimatiellae,0,0
UV,T1,Nylon,Nylon_UV_T1, JG30-KF-CM66,0,0
UV,T1,Nylon,Nylon_UV_T1, vadinHA49,0,0
UV,T1,Nylon,Nylon_UV_T1, Thermoanaerobaculia,0,0
UV,T1,Nylon,Nylon_UV_T1, Lentisphaeria,0,0
UV,T1,Nylon,Nylon_UV_T1, Blastocatellia (Subgroup 4),0,0
UV,T1,Nylon,Nylon_UV_T1, Fusobacteriia,0,0
UV,T1,Nylon,Nylon_UV_T1, Leptospirae,0,0
UV,T1,Nylon,Nylon_UV_T1, Subgroup 26,0,0
UV,T1,Nylon,Nylon_UV_T1, Subgroup 6,0,0
UV,T1,Nylon,Nylon_UV_T1, Calditrichia,0,0
UV,T1,Nylon,Nylon_UV_T1, Nitrososphaeria,0,0
UV,T1,Nylon,Nylon_UV_T1, Ktedonobacteria,0,0
UV,T1,Nylon,Nylon_UV_T1, Woesearchaeia,0,0
UV,T1,Nylon,Nylon_UV_T1, Pla3 lineage,0,0
UV,T1,Nylon,Nylon_UV_T1, Coriobacteriia,0,0
UV,T1,Nylon,Nylon_UV_T1, Hydrogenedentia,0,0
UV,T1,Nylon,Nylon_UV_T1, Pla4 lineage,0,0
UV,T1,Nylon,Nylon_UV_T1, Dadabacteriia,0,0
UV,T1,Nylon,Nylon_UV_T1, Chloroflexia,0,0
UV,T1,Nylon,Nylon_UV_T1, 028H05-P-BN-P5,0,0
UV,T1,Nylon,Nylon_UV_T1, Latescibacteria,0,0
UV,T1,Nylon,Nylon_UV_T1, Gemmatimonadetes,0,0
UV,T1,Nylon,Nylon_UV_T1, Acidobacteriia,0,0
UV,T1,Nylon,Nylon_UV_T1, Subgroup 22,0,0
UV,T1,Nylon,Nylon_UV_T1, KD4-96,0,0
UV,T1,Nylon,Nylon_UV_T1, Thermoleophilia,0,0
UV,T1,Nylon,Nylon_UV_T1, PAUC43f marine benthic group,0,0
UV,T1,Nylon,Nylon_UV_T1, Spirochaetia,0,0
UV,T1,Nylon,Nylon_UV_T1, Omnitrophia,0,0
UV,T1,Nylon,Nylon_UV_T1, Holophagae,0,0
UV,T1,Nylon,Nylon_UV_T1, Nitrospira,0,0
UV,T1,Nylon,Nylon_UV_T1, MB-A2-108,0,0
UV,T1,Nylon,Nylon_UV_T1, Subgroup 9,0,0
UV,T1,Nylon,Nylon_UV_T1, AT-s3-28,0,0
UV,T1,Nylon,Nylon_UV_T1, Mollicutes,0,0
UV,T1,Nylon,Nylon_UV_T1, Brocadiae,0,0
UV,T1,Nylon,Nylon_UV_T1, Elusimicrobia,0,0
UV,T1,Nylon,Nylon_UV_T1, Subgroup 21,0,0
UV,T1,Nylon,Nylon_UV_T1, Nitriliruptoria,0,0
UV,T1,Nylon,Nylon_UV_T1, Thermoplasmata,0,0
UV,T1,Nylon,Nylon_UV_T1, Subgroup 17,0,0
UV,T1,Nylon,Nylon_UV_T1, Ignavibacteria,0,0
UV,T1,Nylon,Nylon_UV_T1, Cloacimonadia,0,0
UV,T1,Nylon,Nylon_UV_T1, Lineage IIb,0,0
UV,T1,Nylon,Nylon_UV_T1, Erysipelotrichia,0,0
UV,T1,Nylon,Nylon_UV_T1, SPG12-343-353-B69,0,0
UV,T1,Nylon,Nylon_UV_T1, Microgenomatia,0,0
UV,T1,Nylon,Nylon_UV_T1, LD1-PA32,0,0
UV,T1,Nylon,Nylon_UV_T1, Babeliae,0,0
UV,T1,Nylon,Nylon_UV_T1, d142,0,0
UV,T1,Nylon,Nylon_UV_T1, Magnetococcia,0,0
UV,T1,Nylon,Nylon_UV_T1, WCHB1-81,0,0
UV,T1,Nylon,Nylon_UV_T1, ABY1,0,0
no UV,T1,PET,PET_no UV_T1, Oxyphotobacteria,0,0
no UV,T1,PET,PET_no UV_T1, Verrucomicrobiae,0,0
no UV,T1,PET,PET_no UV_T1, Rhodothermia,0,0
no UV,T1,PET,PET_no UV_T1, Planctomycetacia,0,0
no UV,T1,PET,PET_no UV_T1, BD7-11,0,0
no UV,T1,PET,PET_no UV_T1, BD2-11 terrestrial group,0,0
no UV,T1,PET,PET_no UV_T1, Fibrobacteria,0,0
no UV,T1,PET,PET_no UV_T1, Negativicutes,0,0
no UV,T1,PET,PET_no UV_T1, OM190,0,0
no UV,T1,PET,PET_no UV_T1, Saccharimonadia,0,0
no UV,T1,PET,PET_no UV_T1, Parcubacteria,0,0
no UV,T1,PET,PET_no UV_T1, Kiritimatiellae,0,0
no UV,T1,PET,PET_no UV_T1, JG30-KF-CM66,0,0
no UV,T1,PET,PET_no UV_T1, vadinHA49,0,0
no UV,T1,PET,PET_no UV_T1, Thermoanaerobaculia,0,0
no UV,T1,PET,PET_no UV_T1, Lentisphaeria,0,0
no UV,T1,PET,PET_no UV_T1, Blastocatellia (Subgroup 4),0,0
no UV,T1,PET,PET_no UV_T1, Fusobacteriia,0,0
no UV,T1,PET,PET_no UV_T1, Leptospirae,0,0
no UV,T1,PET,PET_no UV_T1, Subgroup 26,0,0
no UV,T1,PET,PET_no UV_T1, Subgroup 6,0,0
no UV,T1,PET,PET_no UV_T1, Calditrichia,0,0
no UV,T1,PET,PET_no UV_T1, Nitrososphaeria,0,0
no UV,T1,PET,PET_no UV_T1, Melainabacteria,0,0
no UV,T1,PET,PET_no UV_T1, Ktedonobacteria,0,0
no UV,T1,PET,PET_no UV_T1, Woesearchaeia,0,0
no UV,T1,PET,PET_no UV_T1, Pla3 lineage,0,0
no UV,T1,PET,PET_no UV_T1, Coriobacteriia,0,0
no UV,T1,PET,PET_no UV_T1, Hydrogenedentia,0,0
no UV,T1,PET,PET_no UV_T1, Pla4 lineage,0,0
no UV,T1,PET,PET_no UV_T1, Dadabacteriia,0,0
no UV,T1,PET,PET_no UV_T1, Gracilibacteria,0,0
no UV,T1,PET,PET_no UV_T1, 028H05-P-BN-P5,0,0
no UV,T1,PET,PET_no UV_T1, Chlamydiae,0,0
no UV,T1,PET,PET_no UV_T1, Latescibacteria,0,0
no UV,T1,PET,PET_no UV_T1, Gemmatimonadetes,0,0
no UV,T1,PET,PET_no UV_T1, Subgroup 22,0,0
no UV,T1,PET,PET_no UV_T1, KD4-96,0,0
no UV,T1,PET,PET_no UV_T1, Thermoleophilia,0,0
no UV,T1,PET,PET_no UV_T1, PAUC43f marine benthic group,0,0
no UV,T1,PET,PET_no UV_T1, Spirochaetia,0,0
no UV,T1,PET,PET_no UV_T1, Omnitrophia,0,0
no UV,T1,PET,PET_no UV_T1, Holophagae,0,0
no UV,T1,PET,PET_no UV_T1, Nitrospira,0,0
no UV,T1,PET,PET_no UV_T1, Campylobacteria,0,0
no UV,T1,PET,PET_no UV_T1, MB-A2-108,0,0
no UV,T1,PET,PET_no UV_T1, Subgroup 9,0,0
no UV,T1,PET,PET_no UV_T1, AT-s3-28,0,0
no UV,T1,PET,PET_no UV_T1, Mollicutes,0,0
no UV,T1,PET,PET_no UV_T1, Sericytochromatia,0,0
no UV,T1,PET,PET_no UV_T1, Brocadiae,0,0
no UV,T1,PET,PET_no UV_T1, Elusimicrobia,0,0
no UV,T1,PET,PET_no UV_T1, Subgroup 21,0,0
no UV,T1,PET,PET_no UV_T1, Nitriliruptoria,0,0
no UV,T1,PET,PET_no UV_T1, Thermoplasmata,0,0
no UV,T1,PET,PET_no UV_T1, Subgroup 17,0,0
no UV,T1,PET,PET_no UV_T1, Ignavibacteria,0,0
no UV,T1,PET,PET_no UV_T1, Cloacimonadia,0,0
no UV,T1,PET,PET_no UV_T1, Lineage IIb,0,0
no UV,T1,PET,PET_no UV_T1, Erysipelotrichia,0,0
no UV,T1,PET,PET_no UV_T1, SPG12-343-353-B69,0,0
no UV,T1,PET,PET_no UV_T1, Microgenomatia,0,0
no UV,T1,PET,PET_no UV_T1, LD1-PA32,0,0
no UV,T1,PET,PET_no UV_T1, Babeliae,0,0
no UV,T1,PET,PET_no UV_T1, d142,0,0
no UV,T1,PET,PET_no UV_T1, Magnetococcia,0,0
no UV,T1,PET,PET_no UV_T1, WCHB1-81,0,0
no UV,T1,PET,PET_no UV_T1, ABY1,0,0
UV,T1,PS,PS_UV_T1, Oxyphotobacteria,0,0
UV,T1,PS,PS_UV_T1, Verrucomicrobiae,0,0
UV,T1,PS,PS_UV_T1, Phycisphaerae,0,0
UV,T1,PS,PS_UV_T1, Rhodothermia,0,0
UV,T1,PS,PS_UV_T1, Acidimicrobiia,0,0
UV,T1,PS,PS_UV_T1, Planctomycetacia,0,0
UV,T1,PS,PS_UV_T1, BD7-11,0,0
UV,T1,PS,PS_UV_T1, BD2-11 terrestrial group,0,0
UV,T1,PS,PS_UV_T1, Fibrobacteria,0,0
UV,T1,PS,PS_UV_T1, Oligosphaeria,0,0
UV,T1,PS,PS_UV_T1, Negativicutes,0,0
UV,T1,PS,PS_UV_T1, OM190,0,0
UV,T1,PS,PS_UV_T1, Saccharimonadia,0,0
UV,T1,PS,PS_UV_T1, Deinococci,0,0
UV,T1,PS,PS_UV_T1, Parcubacteria,0,0
UV,T1,PS,PS_UV_T1, Kiritimatiellae,0,0
UV,T1,PS,PS_UV_T1, JG30-KF-CM66,0,0
UV,T1,PS,PS_UV_T1, vadinHA49,0,0
UV,T1,PS,PS_UV_T1, Thermoanaerobaculia,0,0
UV,T1,PS,PS_UV_T1, Lentisphaeria,0,0
UV,T1,PS,PS_UV_T1, Blastocatellia (Subgroup 4),0,0
UV,T1,PS,PS_UV_T1, Anaerolineae,0,0
UV,T1,PS,PS_UV_T1, Fusobacteriia,0,0
UV,T1,PS,PS_UV_T1, Leptospirae,0,0
UV,T1,PS,PS_UV_T1, Subgroup 26,0,0
UV,T1,PS,PS_UV_T1, Subgroup 6,0,0
UV,T1,PS,PS_UV_T1, Calditrichia,0,0
UV,T1,PS,PS_UV_T1, Nitrososphaeria,0,0
UV,T1,PS,PS_UV_T1, Melainabacteria,0,0
UV,T1,PS,PS_UV_T1, Ktedonobacteria,0,0
UV,T1,PS,PS_UV_T1, Woesearchaeia,0,0
UV,T1,PS,PS_UV_T1, Pla3 lineage,0,0
UV,T1,PS,PS_UV_T1, Coriobacteriia,0,0
UV,T1,PS,PS_UV_T1, Hydrogenedentia,0,0
UV,T1,PS,PS_UV_T1, Pla4 lineage,0,0
UV,T1,PS,PS_UV_T1, Dadabacteriia,0,0
UV,T1,PS,PS_UV_T1, Chloroflexia,0,0
UV,T1,PS,PS_UV_T1, Gracilibacteria,0,0
UV,T1,PS,PS_UV_T1, 028H05-P-BN-P5,0,0
UV,T1,PS,PS_UV_T1, Chlamydiae,0,0
UV,T1,PS,PS_UV_T1, Latescibacteria,0,0
UV,T1,PS,PS_UV_T1, Gemmatimonadetes,0,0
UV,T1,PS,PS_UV_T1, Acidobacteriia,0,0
UV,T1,PS,PS_UV_T1, Subgroup 22,0,0
UV,T1,PS,PS_UV_T1, KD4-96,0,0
UV,T1,PS,PS_UV_T1, Thermoleophilia,0,0
UV,T1,PS,PS_UV_T1, PAUC43f marine benthic group,0,0
UV,T1,PS,PS_UV_T1, Spirochaetia,0,0
UV,T1,PS,PS_UV_T1, Omnitrophia,0,0
UV,T1,PS,PS_UV_T1, Holophagae,0,0
UV,T1,PS,PS_UV_T1, Nitrospira,0,0
UV,T1,PS,PS_UV_T1, Campylobacteria,0,0
UV,T1,PS,PS_UV_T1, MB-A2-108,0,0
UV,T1,PS,PS_UV_T1, Subgroup 9,0,0
UV,T1,PS,PS_UV_T1, AT-s3-28,0,0
UV,T1,PS,PS_UV_T1, Mollicutes,0,0
UV,T1,PS,PS_UV_T1, Sericytochromatia,0,0
UV,T1,PS,PS_UV_T1, Brocadiae,0,0
UV,T1,PS,PS_UV_T1, Elusimicrobia,0,0
UV,T1,PS,PS_UV_T1, Subgroup 21,0,0
UV,T1,PS,PS_UV_T1, Nitriliruptoria,0,0
UV,T1,PS,PS_UV_T1, Thermoplasmata,0,0
UV,T1,PS,PS_UV_T1, Subgroup 17,0,0
UV,T1,PS,PS_UV_T1, Ignavibacteria,0,0
UV,T1,PS,PS_UV_T1, Cloacimonadia,0,0
UV,T1,PS,PS_UV_T1, Lineage IIb,0,0
UV,T1,PS,PS_UV_T1, Erysipelotrichia,0,0
UV,T1,PS,PS_UV_T1, SPG12-343-353-B69,0,0
UV,T1,PS,PS_UV_T1, Microgenomatia,0,0
UV,T1,PS,PS_UV_T1, LD1-PA32,0,0
UV,T1,PS,PS_UV_T1, Babeliae,0,0
UV,T1,PS,PS_UV_T1, d142,0,0
UV,T1,PS,PS_UV_T1, Magnetococcia,0,0
UV,T1,PS,PS_UV_T1, WCHB1-81,0,0
UV,T1,PS,PS_UV_T1, ABY1,0,0
NA,NA,negative_c,negative_c_, Fibrobacteria,0,0
NA,NA,negative_c,negative_c_, Negativicutes,0,0
NA,NA,negative_c,negative_c_, JG30-KF-CM66,0,0
NA,NA,negative_c,negative_c_, Ktedonobacteria,0,0
NA,NA,negative_c,negative_c_, Coriobacteriia,0,0
NA,NA,negative_c,negative_c_, Chloroflexia,0,0
NA,NA,negative_c,negative_c_, Gemmatimonadetes,0,0
NA,NA,negative_c,negative_c_, KD4-96,0,0
NA,NA,negative_c,negative_c_, Spirochaetia,0,0
NA,NA,negative_c,negative_c_, Nitrospira,0,0
NA,NA,negative_c,negative_c_, Campylobacteria,0,0
NA,NA,negative_c,negative_c_, MB-A2-108,0,0
NA,NA,negative_c,negative_c_, AT-s3-28,0,0
NA,NA,negative_c,negative_c_, Mollicutes,0,0
NA,NA,negative_c,negative_c_, Brocadiae,0,0
NA,NA,negative_c,negative_c_, Subgroup 21,0,0
NA,NA,negative_c,negative_c_, Thermoplasmata,0,0
NA,NA,negative_c,negative_c_, Ignavibacteria,0,0
NA,NA,negative_c,negative_c_, Cloacimonadia,0,0
NA,NA,negative_c,negative_c_, Erysipelotrichia,0,0
NA,NA,negative_c,negative_c_, Microgenomatia,0,0
NA,NA,negative_c,negative_c_, Babeliae,0,0
NA,NA,negative_c,negative_c_, d142,0,0
NA,NA,negative_c,negative_c_, Magnetococcia,0,0
NA,NA,negative_c,negative_c_, WCHB1-81,0,0
NA,NA,negative_c,negative_c_, ABY1,0,0
