treatment,timepoint,Material,description,Class,Class_rep_rel_abund,st_dev_Class_abund
NA,NA,negative_c,negative_c_, Gammaproteobacteria,0.45174066301907506,0.260613461271622
UV,T1,PP,PP_UV_T1, Gammaproteobacteria,0.5325262950045547,0.060338143181195736
NA,NA,negative_c,negative_c_,unassigned,0.04460986229082411,0.04462932714912951
UV,T1,PS,PS_UV_T1, Gammaproteobacteria,0.7291096497450162,0.11742049759477285
UV,T1,Nylon,Nylon_UV_T1, Gammaproteobacteria,0.46407653792246695,0.16764810730637916
NA,NA,negative_c,negative_c_, Actinobacteria,0.04344479828803077,0.047207046064703384
no UV,T6,PP,PP_no UV_T6, Gammaproteobacteria,0.5110425574119961,0.10556544728433503
no UV,T6,Nylon,Nylon_no UV_T6, Gammaproteobacteria,0.42868823223733504,0.17530200725080677
no UV,T1,PE,PE_no UV_T1, Gammaproteobacteria,0.5404735734632434,0.059092444915646206
UV,T6,PS,PS_UV_T6, Bacilli,0.0823325099903434,0.09544740966528528
UV,T1,PS,PS_UV_T1,unassigned,0.11941151095783872,0.024636689965805456
NA,NA,negative_c,negative_c_, Bacilli,0.030217852780775364,0.030264290238397815
no UV,T1,Nylon,Nylon_no UV_T1, Gammaproteobacteria,0.4562504509583686,0.16236251097974966
UV,T1,PE,PE_UV_T1, Gammaproteobacteria,0.4975298637989121,0.10144124736615949
UV,T1,PP,PP_UV_T1, Actinobacteria,0.15439198469863336,0.08833182016751577
NA,NA,negative_c,negative_c_, Oxyphotobacteria,0.0250552770508112,0.04164215356509133
UV,T1,PET,PET_UV_T1, Gammaproteobacteria,0.6004657542810334,0.1421741565674733
UV,T6,Nylon,Nylon_UV_T6, Oxyphotobacteria,0.07354544516689288,0.06019111691367562
UV,T1,PP,PP_UV_T1,unassigned,0.08573547925357061,0.057656476891247345
NA,NA,negative_c,negative_c_, Alphaproteobacteria,0.20488674938523213,0.16391662598786993
UV,T1,PP,PP_UV_T1, Alphaproteobacteria,0.06906479061951844,0.05673783496734078
UV,T1,PS,PS_UV_T1, Actinobacteria,0.08024431190753209,0.048405484449552165
UV,T1,Nylon,Nylon_UV_T1, Actinobacteria,0.2244367998631307,0.10894687786730801
no UV,T1,PE,PE_no UV_T1,unassigned,0.1569295527879997,0.05293665957087866
UV,T6,PS,PS_UV_T6, Gammaproteobacteria,0.3879355741989378,0.06505754681945053
UV,T6,PS,PS_UV_T6, Actinobacteria,0.05314808551186216,0.05420652657087162
no UV,T6,PP,PP_no UV_T6, Actinobacteria,0.0304188665517824,0.017385282890325312
no UV,T6,PET,PET_no UV_T6, Anaerolineae,0.030593098766166876,0.04193391095428005
no UV,T6,PP,PP_no UV_T6, Woesearchaeia,0.013386698993856397,0.01723271657210731
no UV,T6,PET,PET_no UV_T6, Actinobacteria,0.13865146720697605,0.16736048825068192
no UV,T1,PP,PP_no UV_T1,unassigned,0.09067186140123608,0.046673736428622346
no UV,T1,PS,PS_no UV_T1, Gammaproteobacteria,0.33821483724783513,0.09175322930662731
no UV,T1,PP,PP_no UV_T1, Bacteroidia,0.27636199391080357,0.1262763146941489
no UV,T6,PS,PS_no UV_T6, Actinobacteria,0.20998207936241234,0.24483457358590235
UV,T1,Nylon,Nylon_UV_T1,unassigned,0.08774895946899444,0.03948775065335261
UV,T6,PS,PS_UV_T6, Bacteroidia,0.19488556146787125,0.06873296074385478
no UV,T1,PP,PP_no UV_T1, Gammaproteobacteria,0.36168906286630786,0.018948068935248186
UV,T6,PS,PS_UV_T6, Alphaproteobacteria,0.20604366650222058,0.04783971350484605
no UV,T6,PP,PP_no UV_T6, Alphaproteobacteria,0.17846356344158745,0.04285772605972022
UV,T6,Nylon,Nylon_UV_T6, Gammaproteobacteria,0.3097949055086944,0.03517421561125619
no UV,T1,PE,PE_no UV_T1, Actinobacteria,0.10333242712354955,0.04119295469208012
UV,T6,Nylon,Nylon_UV_T6, Bacteroidia,0.19722258941049278,0.06458702053550579
no UV,T6,PE,PE_no UV_T6, Gammaproteobacteria,0.3717569184839539,0.26862742057741396
UV,T6,PE,PE_UV_T6, Alphaproteobacteria,0.45554458409800336,0.07204036968633372
no UV,T6,Nylon,Nylon_no UV_T6, Alphaproteobacteria,0.28129781569440737,0.14387100192122984
UV,T1,PP,PP_UV_T1, Blastocatellia (Subgroup 4),0.00801297188375681,0.011367857878641571
NA,NA,negative_c,negative_c_, Bacteroidia,0.1574620432159419,0.1575751142928109
UV,T6,PP,PP_UV_T6, Alphaproteobacteria,0.33452862139642964,0.08532310789015682
no UV,T6,Nylon,Nylon_no UV_T6, Actinobacteria,0.055797059008562036,0.04185452425644599
UV,T1,PP,PP_UV_T1, Bacteroidia,0.10595573942670093,0.13063879621186894
no UV,T6,PET,PET_no UV_T6, Bacteroidia,0.21495045372500432,0.1346101415671057
UV,T6,PP,PP_UV_T6, Gammaproteobacteria,0.3247250871579265,0.08399301354603832
UV,T1,PP,PP_UV_T1, Melainabacteria,0.009513499582942177,0.011328995584360846
UV,T1,PE,PE_UV_T1,unassigned,0.08252274913662677,0.014643052632003722
UV,T1,PET,PET_UV_T1,unassigned,0.09332977171969603,0.052165888760516255
UV,T1,PS,PS_UV_T1, Bacilli,0.027446011523221493,0.021883429208443446
UV,T6,PP,PP_UV_T6, Actinobacteria,0.03149042395216368,0.03718806053400431
no UV,T6,PP,PP_no UV_T6, Bacilli,0.01615174252812545,0.01994025970576361
no UV,T1,PP,PP_no UV_T1, Actinobacteria,0.08691778223258942,0.07690928989762086
no UV,T6,PS,PS_no UV_T6, Bacteroidia,0.2884032968194714,0.1445939076284351
UV,T1,PE,PE_UV_T1, Actinobacteria,0.19858705343427335,0.10183628851195115
no UV,T1,PS,PS_no UV_T1,unassigned,0.07605017269310425,0.021838483300545032
no UV,T6,PE,PE_no UV_T6, Alphaproteobacteria,0.38452559205877757,0.21916412437160004
no UV,T6,PP,PP_no UV_T6, Bacteroidia,0.15502170755681,0.057633118951791844
no UV,T6,PET,PET_no UV_T6, Alphaproteobacteria,0.23008963657493994,0.0697642755394193
no UV,T1,Nylon,Nylon_no UV_T1,unassigned,0.06490168400752983,0.03830755005130927
no UV,T1,Nylon,Nylon_no UV_T1, Actinobacteria,0.20748128697136412,0.11143772450682952
UV,T1,PS,PS_UV_T1, Clostridia,0.018876833744736136,0.013895813479071543
no UV,T1,PET,PET_no UV_T1, Gammaproteobacteria,0.3988758998993755,0.06557262665964235
no UV,T6,PS,PS_no UV_T6, Alphaproteobacteria,0.21484543178566728,0.08186814479826264
no UV,T6,PS,PS_no UV_T6, Gammaproteobacteria,0.19996469404300526,0.03546940541252892
no UV,T1,PS,PS_no UV_T1, Bacteroidia,0.21209658955374847,0.12235243796396114
no UV,T6,PP,PP_no UV_T6, Phycisphaerae,0.01052667379218413,0.004400484178609341
no UV,T1,PE,PE_no UV_T1, Bacilli,0.030230831032197245,0.012832978879020634
UV,T1,Nylon,Nylon_UV_T1, Bacteroidia,0.029660902720633372,0.013655754625796261
no UV,T6,PET,PET_no UV_T6, Bacilli,0.06593367441660558,0.08018588281752156
UV,T6,Nylon,Nylon_UV_T6, Alphaproteobacteria,0.33242658802406344,0.03135568015344856
no UV,T6,Nylon,Nylon_no UV_T6, Bacilli,0.023801628751315838,0.019332106774012234
no UV,T6,PET,PET_no UV_T6, Verrucomicrobiae,0.03249379531182453,0.027389047446722176
NA,NA,negative_c,negative_c_, Verrucomicrobiae,0.007304379016272166,0.00932032767992401
no UV,T1,Nylon,Nylon_no UV_T1, Bacteroidia,0.13007806545044776,0.07775229358776235
no UV,T6,Nylon,Nylon_no UV_T6, Phycisphaerae,0.01557264076877952,0.013401788615757321
UV,T6,PE,PE_UV_T6, Gammaproteobacteria,0.26761316981562844,0.05958766913851415
UV,T6,PS,PS_UV_T6,unassigned,0.007215742188860294,7.67152743808899e-4
UV,T6,PS,PS_UV_T6, Deltaproteobacteria,0.014837634799686208,0.009166168542456075
no UV,T6,PE,PE_no UV_T6, Bacteroidia,0.13219496285568197,0.06842385213923254
UV,T6,Nylon,Nylon_UV_T6, Verrucomicrobiae,0.027838288404620017,0.018009273750091395
no UV,T1,PE,PE_no UV_T1, Bacteroidia,0.08999978404610552,0.06607782758109886
no UV,T1,PET,PET_no UV_T1, Chloroflexia,0.051748009691934924,0.07443381471657833
UV,T1,Nylon,Nylon_UV_T1, Deinococci,0.003489960346829852,0.004970185112929833
UV,T1,PS,PS_UV_T1, Alphaproteobacteria,0.020952990211156212,0.01257675003189577
UV,T6,PE,PE_UV_T6, Bacteroidia,0.18497388888112726,0.0036450624398351476
UV,T1,PET,PET_UV_T1, Actinobacteria,0.09124270892189093,0.030606548997871342
NA,NA,negative_c,negative_c_, Clostridia,9.126746673979274e-4,9.380098352075986e-4
UV,T6,PET,PET_UV_T6, Alphaproteobacteria,0.2520526283565404,0.00865097923398222
UV,T6,PP,PP_UV_T6, Bacteroidia,0.1527380423841067,0.03147047582847138
no UV,T6,PP,PP_no UV_T6, Verrucomicrobiae,0.02057771275107174,0.01025620367053104
no UV,T6,PET,PET_no UV_T6, Gammaproteobacteria,0.1968996079441313,0.05937759029637587
UV,T1,PET,PET_UV_T1, Alphaproteobacteria,0.06233733599690453,0.03289594429031865
no UV,T6,Nylon,Nylon_no UV_T6,unassigned,0.005215779467777555,0.0036737739383747273
no UV,T6,Nylon,Nylon_no UV_T6, Bacteroidia,0.1253856454764821,0.04939306969946044
no UV,T1,PS,PS_no UV_T1, Actinobacteria,0.15423648995656544,0.17341466869746786
no UV,T1,PET,PET_no UV_T1,unassigned,0.10584097554960667,0.03503594110010651
no UV,T6,PP,PP_no UV_T6,unassigned,0.009324295625575036,0.010506030838577747
no UV,T1,PP,PP_no UV_T1, Lentisphaeria,0.02021962494423688,0.023934680551667566
UV,T1,Nylon,Nylon_UV_T1, Bacilli,0.05882996359898623,0.018921610002584025
no UV,T6,PP,PP_no UV_T6, Oxyphotobacteria,0.013538514581190332,0.00782367998275398
no UV,T6,PE,PE_no UV_T6, Actinobacteria,0.03236584603437327,0.01735625031620869
UV,T6,Nylon,Nylon_UV_T6, Woesearchaeia,0.002438894484701882,0.0031761414823550035
no UV,T1,Nylon,Nylon_no UV_T1, Alphaproteobacteria,0.1059289303329957,0.06460333633138012
no UV,T6,Nylon,Nylon_no UV_T6, Oxyphotobacteria,0.015160197744388095,0.018038788467394498
no UV,T6,PET,PET_no UV_T6, Oxyphotobacteria,0.019696611916306006,0.011317977474018548
UV,T6,PP,PP_UV_T6, Phycisphaerae,0.008686444753522139,0.004358719838731166
UV,T6,PET,PET_UV_T6, Oxyphotobacteria,0.033704099073012826,0.029089431347732536
UV,T6,PET,PET_UV_T6, Bacteroidia,0.28525936228231324,0.07530920702647383
UV,T6,PP,PP_UV_T6, Oxyphotobacteria,0.020148223586870368,0.006479069920465038
no UV,T6,PET,PET_no UV_T6,unassigned,0.010376499866193467,0.009951655231413906
UV,T6,PS,PS_UV_T6, Woesearchaeia,0.005255121705357408,0.007447203649339392
UV,T6,PP,PP_UV_T6, Verrucomicrobiae,0.02828928756207224,0.01334644549547536
UV,T1,Nylon,Nylon_UV_T1, Deltaproteobacteria,0.0022925429174865063,0.0032424928389246824
no UV,T6,PE,PE_no UV_T6, Bacilli,0.020426561451790712,0.016172568501634513
UV,T1,PP,PP_UV_T1, Clostridia,0.007283000172264309,0.005944896557000409
no UV,T1,PET,PET_no UV_T1, Actinobacteria,0.15217911268465115,0.07478558738295664
UV,T6,PS,PS_UV_T6, Oxyphotobacteria,0.012712247239125134,0.006459928462574979
UV,T1,Nylon,Nylon_UV_T1, Gracilibacteria,0.0037234244742728184,0.002651068045152068
UV,T1,Nylon,Nylon_UV_T1, Alphaproteobacteria,0.10298019006728822,0.08191857619634241
UV,T6,PE,PE_UV_T6, Acidimicrobiia,0.015726627069686732,0.010157662591723945
no UV,T6,PP,PP_no UV_T6, Acidimicrobiia,0.007626052521040708,0.005526680651999622
UV,T6,PS,PS_UV_T6, Acidobacteriia,0.0018001251779354505,0.0025696658283351575
UV,T6,PE,PE_UV_T6, Phycisphaerae,0.0054583844835507924,0.0033072080895684636
NA,NA,negative_c,negative_c_, Deltaproteobacteria,0.006641945549037961,0.00546177353101934
UV,T1,PE,PE_UV_T1, Bacilli,0.01949144672632652,0.004223922027870376
no UV,T6,Nylon,Nylon_no UV_T6, Melainabacteria,0.006570738512803011,0.004654590355258887
UV,T1,PE,PE_UV_T1, Bacteroidia,0.09031310388693006,1.9656582786391815e-4
no UV,T6,Nylon,Nylon_no UV_T6, Clostridia,0.0034113723516773285,0.0027178305395920517
UV,T1,PP,PP_UV_T1, Verrucomicrobiae,0.006664762448824146,0.00942654012530385
no UV,T6,PE,PE_no UV_T6, Melainabacteria,0.00538408045235291,0.007018467053689498
no UV,T6,PE,PE_no UV_T6,unassigned,0.009910696575740898,0.011063964999373411
no UV,T6,PE,PE_no UV_T6, Acidimicrobiia,0.012934344755827458,0.00914791673617714
UV,T1,PP,PP_UV_T1, Bacilli,0.009906657359597885,0.008277866629319178
UV,T6,PP,PP_UV_T6, Anaerolineae,0.003451038725312806,0.0018687421153745643
no UV,T6,PS,PS_no UV_T6,unassigned,0.008920495994064182,0.005687834952913653
UV,T1,PE,PE_UV_T1, Alphaproteobacteria,0.08021250330051422,0.017876422893887967
UV,T6,PS,PS_UV_T6, vadinHA49,0.002320302470550917,0.0024668074760147702
no UV,T1,PE,PE_no UV_T1, Alphaproteobacteria,0.04598370278225418,0.022281979639153838
no UV,T1,PS,PS_no UV_T1, Bacilli,0.04737372709566514,0.032191413335180365
no UV,T6,PET,PET_no UV_T6, Planctomycetacia,0.00834720652399422,0.004051788864004948
UV,T6,PP,PP_UV_T6, BD7-11,0.0030494212458834114,0.002744885501979494
UV,T1,PET,PET_UV_T1, Bacteroidia,0.09153982128391142,0.10515012833567035
no UV,T6,PS,PS_no UV_T6, Phycisphaerae,0.007704429977896202,0.006073954000932561
no UV,T1,Nylon,Nylon_no UV_T1, Melainabacteria,0.00976199799844119,0.007933671607982284
UV,T6,PET,PET_UV_T6, Verrucomicrobiae,0.036288570179000515,0.022359391971994637
UV,T6,PS,PS_UV_T6, Rhodothermia,0.0015197994772112849,0.0011829303941080262
UV,T6,PE,PE_UV_T6, Verrucomicrobiae,0.013027601150865905,0.004905511651595457
UV,T6,PS,PS_UV_T6, Hydrogenedentia,0.0018530048326366034,0.002665343444172953
NA,NA,negative_c,negative_c_, Phycisphaerae,0.0020170714134766206,0.0022058372824138935
UV,T6,Nylon,Nylon_UV_T6, Actinobacteria,0.004327519039162591,0.0037487230477729772
NA,NA,negative_c,negative_c_, Acidimicrobiia,0.00869718543876686,0.009908077512931183
no UV,T6,Nylon,Nylon_no UV_T6, Deltaproteobacteria,0.012319273217514711,0.0066131883407171
UV,T6,PS,PS_UV_T6, Phycisphaerae,0.0031248489171882697,0.0015517785449199076
UV,T1,PE,PE_UV_T1, Negativicutes,0.007308475704642917,0.00670749941916783
no UV,T1,PP,PP_no UV_T1, Fusobacteriia,0.007218600049453291,0.006033946250523636
no UV,T6,PS,PS_no UV_T6, Bacilli,0.01662334299388539,0.015401065979012406
no UV,T1,PS,PS_no UV_T1, Alphaproteobacteria,0.12995685647608496,0.056565310971107126
UV,T6,PET,PET_UV_T6, Deltaproteobacteria,0.02389653914799406,0.009708726768311636
UV,T6,PET,PET_UV_T6, Bacilli,0.01670707715171468,0.0235845264526266
UV,T6,PS,PS_UV_T6, Planctomycetacia,0.001182542434141776,8.490303650877128e-4
no UV,T6,PS,PS_no UV_T6, Verrucomicrobiae,0.011645000082121491,0.01329441406464938
no UV,T6,Nylon,Nylon_no UV_T6, Verrucomicrobiae,0.011734665981500126,0.00709620776866249
no UV,T6,PS,PS_no UV_T6, Oxyphotobacteria,0.007140711840306786,0.005588219761719683
no UV,T1,PP,PP_no UV_T1, Bacilli,0.018797321057920605,0.008603540897844158
no UV,T6,PET,PET_no UV_T6, Deltaproteobacteria,0.013581349447119093,0.009750596226108039
no UV,T6,PET,PET_no UV_T6, Phycisphaerae,0.0048379696093658435,0.003527512550713032
UV,T6,PP,PP_UV_T6, KD4-96,0.0013499315059383684,0.0019322327912376942
no UV,T1,PP,PP_no UV_T1, Woesearchaeia,0.0058292696597724335,0.008260847363246398
UV,T6,PP,PP_UV_T6, Acidimicrobiia,0.018260911328756013,0.0026370395305319555
no UV,T6,PE,PE_no UV_T6, Parcubacteria,0.005271703260872971,0.006571422486438393
no UV,T6,PS,PS_no UV_T6, Rhodothermia,0.006923778073796464,0.003629851854714721
UV,T1,Nylon,Nylon_UV_T1, OM190,0.0037814052790379055,0.004806184026178686
no UV,T1,PP,PP_no UV_T1, Alphaproteobacteria,0.07742106928433386,0.0062966564095040724
UV,T6,PP,PP_UV_T6, Planctomycetacia,0.00884313379293442,0.001326543533366817
UV,T6,PP,PP_UV_T6,unassigned,0.004768192464978966,0.0028623801704805774
no UV,T6,PP,PP_no UV_T6, Planctomycetacia,0.004778554136088801,0.0019544111871987483
UV,T6,PS,PS_UV_T6, Verrucomicrobiae,0.009530802451084635,0.0045289492912040765
no UV,T6,PE,PE_no UV_T6, Planctomycetacia,0.0022048406309730546,0.0025951077652049126
UV,T6,PP,PP_UV_T6, Bacilli,0.0048807226768546284,0.0050967768376706645
no UV,T6,PP,PP_no UV_T6, Negativicutes,0.0015871795122410022,0.002088463434643375
NA,NA,negative_c,negative_c_, Blastocatellia (Subgroup 4),8.068269938800155e-4,0.0013723149584424583
no UV,T6,PET,PET_no UV_T6, Clostridia,0.0030671735608884566,0.0028610718504135783
no UV,T6,PET,PET_no UV_T6, Negativicutes,0.002088201660617511,0.0029702830389770687
UV,T6,PET,PET_UV_T6, Gammaproteobacteria,0.23651440637740476,0.04303995746360919
UV,T6,PS,PS_UV_T6, Thermoanaerobaculia,9.846485125227585e-4,7.537654180057972e-4
UV,T6,PS,PS_UV_T6, Anaerolineae,0.002667642065364636,0.002059054229761933
no UV,T6,PE,PE_no UV_T6, Verrucomicrobiae,0.005978090277185703,0.004914991456841406
no UV,T6,PP,PP_no UV_T6, OM190,0.0023498704802177722,0.0016925163282082963
no UV,T6,PP,PP_no UV_T6, Deltaproteobacteria,0.010852129516771395,0.008369621778368712
UV,T6,PS,PS_UV_T6, OM190,0.003490063816489148,0.0033860055452456794
no UV,T6,Nylon,Nylon_no UV_T6, Rhodothermia,0.0012311555740364781,0.001743164079519423
no UV,T6,PET,PET_no UV_T6, Kiritimatiellae,0.003115187512285756,0.0028474431444964155
UV,T6,PP,PP_UV_T6, Fusobacteriia,0.0018064351273522617,0.0017394829036898806
UV,T6,Nylon,Nylon_UV_T6, Planctomycetacia,0.005117093645453733,0.003982881526385386
no UV,T6,Nylon,Nylon_no UV_T6, Subgroup 9,0.0012474622703813323,0.0017892031135500058
no UV,T6,PP,PP_no UV_T6, Fusobacteriia,0.002223009445674617,0.0012848589861913045
no UV,T6,PET,PET_no UV_T6, Acidimicrobiia,0.008072355151372999,0.00691180114877415
no UV,T6,PET,PET_no UV_T6, Fusobacteriia,0.0024185252274935443,6.291987691817243e-4
UV,T6,PET,PET_UV_T6, Rhodothermia,0.0020643095621767932,0.002922807120140963
no UV,T6,PP,PP_no UV_T6, Lentisphaeria,0.0014020329248612688,0.0010419056674447233
UV,T6,PP,PP_UV_T6, Melainabacteria,0.002016245667095758,0.0014984223540079281
no UV,T6,PP,PP_no UV_T6, Fibrobacteria,6.243323112782163e-4,8.89407727722648e-4
UV,T6,PP,PP_UV_T6, Subgroup 22,0.002932186832735982,0.0015773326674633952
UV,T6,PS,PS_UV_T6, Lentisphaeria,5.703755703755704e-4,8.085330651160301e-4
no UV,T6,PP,PP_no UV_T6, Clostridia,0.0024589617332610955,0.0031231079255283328
no UV,T6,PS,PS_no UV_T6, OM190,0.002513478769738483,0.0035562379898742245
no UV,T1,Nylon,Nylon_no UV_T1, Deltaproteobacteria,0.005020280965685716,0.003910631501381691
UV,T6,PP,PP_UV_T6, OM190,0.007694209067612468,0.001883843163696357
UV,T6,PS,PS_UV_T6, Acidimicrobiia,0.002236585071460105,0.0017321456319777068
no UV,T1,PS,PS_no UV_T1, Oxyphotobacteria,0.006011389963311654,0.004315269640618761
no UV,T1,PP,PP_no UV_T1, Oxyphotobacteria,0.012868646467163099,0.004772181537857054
UV,T6,PE,PE_UV_T6, Anaerolineae,0.0025791276189576816,0.002735783830164253
no UV,T6,PET,PET_no UV_T6, Deinococci,9.529491705198958e-4,0.001357131116116871
UV,T6,PE,PE_UV_T6, Oxyphotobacteria,0.006464454618994487,0.0012804219949053212
UV,T6,Nylon,Nylon_UV_T6,unassigned,0.0034147200962890653,0.00360983432202981
UV,T6,PET,PET_UV_T6, Oligosphaeria,0.003440628781871791,0.004070666856073721
UV,T6,PE,PE_UV_T6, Parcubacteria,0.0037197022775400873,0.004085034241572788
UV,T6,Nylon,Nylon_UV_T6, OM190,0.004105678505949217,0.0017567809407325748
no UV,T6,PP,PP_no UV_T6, Anaerolineae,0.0027016205421476823,0.0020769371182128888
UV,T6,PET,PET_UV_T6, Fusobacteriia,0.0048830645528533875,0.0017792441178991723
no UV,T1,PP,PP_no UV_T1, Spirochaetia,0.0014357146393385813,0.002065117442904521
UV,T6,PE,PE_UV_T6, Woesearchaeia,0.0018955376224972992,0.0019196179785721382
no UV,T1,PET,PET_no UV_T1, Deinococci,0.011312217194570135,0.01611015825602516
UV,T1,PET,PET_UV_T1, Fusobacteriia,0.014187022556775829,0.014785126232509853
no UV,T6,Nylon,Nylon_no UV_T6, BD7-11,9.131749953118248e-4,0.0012969790026438354
UV,T6,Nylon,Nylon_UV_T6, Kiritimatiellae,0.0016467846399690503,0.0021510783749471795
no UV,T6,PS,PS_no UV_T6, Deltaproteobacteria,0.004668687697063251,0.00521329210206832
no UV,T1,PS,PS_no UV_T1, Oligosphaeria,0.002423542864166562,0.002687224082444089
no UV,T6,Nylon,Nylon_no UV_T6, vadinHA49,8.642549062772628e-4,0.001228865670846066
UV,T6,PP,PP_UV_T6, Deltaproteobacteria,0.02469599888765437,0.002590200382139211
UV,T6,PP,PP_UV_T6, Calditrichia,0.0015127745544607808,0.002043201323615271
UV,T6,PS,PS_UV_T6, Thermoleophilia,8.964729422598185e-4,6.523642963545492e-4
UV,T6,Nylon,Nylon_UV_T6, Acidimicrobiia,0.0065118397113792,0.0014830446696818729
no UV,T1,PP,PP_no UV_T1, Verrucomicrobiae,0.014014318691273163,0.00501041109989585
UV,T1,PP,PP_UV_T1, OM190,0.0010758830810244692,0.0015222313915944613
no UV,T6,PS,PS_no UV_T6, Lentisphaeria,0.0017374900318430668,0.0015285677111397482
UV,T6,PET,PET_UV_T6, Acidimicrobiia,0.011214831207616257,0.006872982187190005
UV,T6,PET,PET_UV_T6, Actinobacteria,0.04248278253369409,0.04780164141055223
UV,T1,PE,PE_UV_T1, Deinococci,0.0022133887433372483,0.0022368114987221664
UV,T6,PE,PE_UV_T6, Planctomycetacia,0.002609470450955011,0.001219828188827139
NA,NA,negative_c,negative_c_, OM190,0.0021612607860159146,0.001976538847976793
no UV,T6,PS,PS_no UV_T6, Thermoanaerobaculia,0.0015938583570681707,0.0012046234537622022
UV,T6,PP,PP_UV_T6, Pla3 lineage,8.16130164715735e-4,9.712815817423842e-4
UV,T6,PP,PP_UV_T6, Lentisphaeria,9.878654095012863e-4,7.331717419303532e-4
no UV,T1,PET,PET_no UV_T1, Bacilli,0.0824643467198998,0.038756158375148134
no UV,T6,Nylon,Nylon_no UV_T6, OM190,0.004306933035676453,0.0035469268918612946
no UV,T6,PET,PET_no UV_T6, Melainabacteria,0.0014004209549379337,0.0019834747370426568
UV,T1,PS,PS_UV_T1, Bacteroidia,0.00263912794033276,0.002639176731302349
UV,T6,PS,PS_UV_T6, Thermoplasmata,2.1693771693771693e-4,3.360784659456145e-4
no UV,T6,PP,PP_no UV_T6, Oligosphaeria,5.048613420371769e-4,3.641098888404469e-4
UV,T6,PP,PP_UV_T6, Thermoanaerobaculia,0.0029310998065452077,7.283286423270912e-4
UV,T1,Nylon,Nylon_UV_T1, Planctomycetacia,0.0018295134700442297,0.002588001048106093
no UV,T6,PET,PET_no UV_T6, Coriobacteriia,0.002061746669486149,0.00296095822603858
UV,T6,PE,PE_UV_T6, OM190,0.003663902777796517,0.0034023858749144906
UV,T6,Nylon,Nylon_UV_T6, Anaerolineae,0.002133370362367121,0.0018898388338653717
UV,T6,Nylon,Nylon_UV_T6, Bacilli,0.0018506129361435472,0.0010747158376173459
UV,T6,PET,PET_UV_T6, Phycisphaerae,0.013462417328652082,0.0019186224104102317
no UV,T1,PP,PP_no UV_T1, Pla4 lineage,0.0013211921583501849,0.0014165601250782844
no UV,T6,PS,PS_no UV_T6, vadinHA49,8.730021681152746e-4,0.0012413032164226786
UV,T6,PET,PET_UV_T6, OM190,0.003114469375646664,0.0022045115722875708
UV,T6,Nylon,Nylon_UV_T6, Pla4 lineage,4.692337082949785e-4,6.19477587754672e-4
no UV,T1,PET,PET_no UV_T1, Bacteroidia,0.10381886378166776,0.05796391876039364
UV,T6,PE,PE_UV_T6, Kiritimatiellae,0.0014258827595731468,0.0012675559556847783
no UV,T6,PE,PE_no UV_T6, Rhodothermia,6.57740987053398e-4,7.926128145139863e-4
no UV,T6,PET,PET_no UV_T6, Oligosphaeria,0.001358988382306634,0.0019301660752184132
no UV,T1,PP,PP_no UV_T1, Planctomycetacia,0.003176124149544719,0.0026819133644553662
UV,T6,PS,PS_UV_T6, Clostridia,0.0012771283105774058,9.315578210648193e-4
no UV,T6,PP,PP_no UV_T6, Saccharimonadia,3.4453894214983046e-4,4.898094137442166e-4
UV,T6,PE,PE_UV_T6, Pla4 lineage,6.283093765027505e-4,8.407524219790978e-4
UV,T6,Nylon,Nylon_UV_T6, Rhodothermia,0.0016100403350487614,0.0016329896713889174
no UV,T6,PET,PET_no UV_T6, Lentisphaeria,0.003422266665859711,0.002994229114721512
no UV,T6,PET,PET_no UV_T6, Spirochaetia,7.125593398234006e-4,0.0010249381607279205
no UV,T6,Nylon,Nylon_no UV_T6, Acidimicrobiia,0.003701678278976382,0.0028019363227294435
UV,T6,PE,PE_UV_T6, Rhodothermia,0.00211294696694522,0.0013533110559516268
UV,T6,PE,PE_UV_T6, Fusobacteriia,0.0018557557000396338,7.231071191686893e-4
UV,T6,PP,PP_UV_T6, Chlamydiae,4.920932583223609e-4,7.017978484633344e-4
NA,NA,negative_c,negative_c_, Dadabacteriia,4.968752657086982e-4,8.674165775472021e-4
UV,T1,PET,PET_UV_T1, Kiritimatiellae,0.0026479674535956664,0.0026865735506022333
UV,T1,PE,PE_UV_T1, Deltaproteobacteria,0.0025695684094387324,5.925107762404251e-4
NA,NA,negative_c,negative_c_, Oligosphaeria,3.5954409808363e-4,6.247542823431635e-4
UV,T6,PS,PS_UV_T6, Melainabacteria,3.071253071253071e-4,4.349944105317334e-4
UV,T6,PP,PP_UV_T6, Saccharimonadia,4.804426311813156e-4,6.653961580783197e-4
no UV,T6,PE,PE_no UV_T6, Fusobacteriia,0.0011009509335800644,0.001041519358121338
UV,T6,PP,PP_UV_T6, Oligosphaeria,0.0017452728401168782,0.0015818972367016221
UV,T6,Nylon,Nylon_UV_T6, Deltaproteobacteria,0.013630458308105711,0.006649425473864482
no UV,T6,PP,PP_no UV_T6, Gracilibacteria,1.5492690687274254e-4,2.2041565901914675e-4
UV,T6,PE,PE_UV_T6, Deltaproteobacteria,0.013483188564437807,0.006755238345057912
no UV,T1,PP,PP_no UV_T1, Kiritimatiellae,9.653943264518046e-4,0.0013705964743688465
no UV,T1,PS,PS_no UV_T1, Clostridia,0.011301908120149362,0.005661110932391523
NA,NA,negative_c,negative_c_, Planctomycetacia,0.0066760697767736165,0.00824445383078044
UV,T6,Nylon,Nylon_UV_T6, Phycisphaerae,0.0027716329217712986,6.285101432346075e-4
UV,T6,PE,PE_UV_T6,unassigned,0.0014960763612119142,9.393173141401327e-4
UV,T1,PP,PP_UV_T1, Phycisphaerae,7.236027801580501e-4,0.0010237721528489777
UV,T1,Nylon,Nylon_UV_T1, Clostridia,0.00291291090535099,0.0026230390096914674
UV,T6,Nylon,Nylon_UV_T6, BD7-11,0.001547099164390958,0.001803395826511572
no UV,T6,PP,PP_no UV_T6, Rhodothermia,5.735807218722489e-4,4.1490341972833693e-4
UV,T6,PET,PET_UV_T6, Dadabacteriia,6.424636902693081e-4,9.181957441865521e-4
UV,T6,PET,PET_UV_T6,unassigned,0.008432799910966172,0.004180457286709862
UV,T6,PET,PET_UV_T6, Subgroup 22,0.0036114536722234394,0.004071383451726988
no UV,T6,PET,PET_no UV_T6, Blastocatellia (Subgroup 4),7.540728218896566e-4,0.0010697894356480409
UV,T6,PS,PS_UV_T6, Gracilibacteria,4.0987465589914865e-4,5.831317117139936e-4
no UV,T1,PET,PET_no UV_T1, Acidobacteriia,0.006356388709329887,0.009073699461674953
UV,T6,PP,PP_UV_T6, Pla4 lineage,9.18281467570784e-4,7.869973088409161e-4
no UV,T1,PS,PS_no UV_T1, Phycisphaerae,0.002089378990133488,0.002956108082364154
UV,T6,PE,PE_UV_T6, BD2-11 terrestrial group,4.7895848300785943e-4,6.799903316112927e-4
no UV,T6,PS,PS_no UV_T6, Acidimicrobiia,0.004832509819885017,0.003981028921289552
no UV,T6,PP,PP_no UV_T6, Chlamydiae,1.7578937119717362e-4,2.1225894521134582e-4
UV,T6,Nylon,Nylon_UV_T6, Fusobacteriia,3.6568213783403654e-4,5.181817993406993e-4
UV,T6,PET,PET_UV_T6, Lentisphaeria,0.003894190092016247,0.0034318881305766763
no UV,T1,PP,PP_no UV_T1, Deltaproteobacteria,0.005711799100369604,2.984942836409239e-4
no UV,T6,PP,PP_no UV_T6, Parcubacteria,2.0348608663882606e-4,2.887987146597169e-4
no UV,T6,PP,PP_no UV_T6, BD2-11 terrestrial group,3.116180532291372e-4,2.886739093696326e-4
NA,NA,negative_c,negative_c_, Anaerolineae,7.547526603030388e-4,8.611203087141149e-4
no UV,T6,Nylon,Nylon_no UV_T6, Blastocatellia (Subgroup 4),4.7289419400076653e-4,6.708864160540492e-4
UV,T6,Nylon,Nylon_UV_T6, Thermoanaerobaculia,0.0011703061231219827,0.0011066627220780946
no UV,T1,PET,PET_no UV_T1, Anaerolineae,0.011346898372736745,0.010855533191822154
NA,NA,negative_c,negative_c_, Kiritimatiellae,1.6794388967828502e-4,2.0983483958269248e-4
no UV,T6,Nylon,Nylon_no UV_T6, BD2-11 terrestrial group,4.973542385180475e-4,7.061072839848199e-4
no UV,T1,PS,PS_no UV_T1, MB-A2-108,0.001044689495066744,0.0015292688316663027
no UV,T1,Nylon,Nylon_no UV_T1, Gemmatimonadetes,0.001436717101423248,0.0021031384861280294
UV,T6,PS,PS_UV_T6, Holophagae,6.978946843688206e-4,9.974165681009238e-4
UV,T6,Nylon,Nylon_UV_T6, Spirochaetia,5.192360739262361e-4,7.468639267649463e-4
no UV,T6,Nylon,Nylon_no UV_T6, Anaerolineae,4.5658749765591246e-4,6.462110437447656e-4
UV,T6,PE,PE_UV_T6, Bacilli,0.002525150178538946,9.853767345010312e-4
no UV,T1,PET,PET_no UV_T1, Alphaproteobacteria,0.0643149681959877,0.03435316977207294
UV,T1,PE,PE_UV_T1, Melainabacteria,0.002862198787887641,0.0024283068091697905
NA,NA,negative_c,negative_c_, Lentisphaeria,4.990949025313736e-4,7.650596511594627e-4
UV,T1,PP,PP_UV_T1, Planctomycetacia,0.0027325526040178996,0.0038654260375751105
UV,T1,PET,PET_UV_T1, Verrucomicrobiae,0.0015633925618592345,0.0022112390095115463
NA,NA,negative_c,negative_c_, vadinHA49,1.2748017980677756e-4,1.9782226178310803e-4
UV,T1,PP,PP_UV_T1, Gracilibacteria,5.427020851185375e-4,7.721062800325819e-4
UV,T6,PET,PET_UV_T6, BD7-11,0.0016080274358576988,0.0015190166413141992
UV,T6,Nylon,Nylon_UV_T6, Subgroup 26,9.167761930260105e-4,0.0013074585942947161
no UV,T6,PP,PP_no UV_T6, Ktedonobacteria,2.1273545421331814e-4,3.073240696447068e-4
UV,T6,PS,PS_UV_T6, Kiritimatiellae,3.212531086777111e-4,4.56091739996034e-4
no UV,T1,PE,PE_no UV_T1, Phycisphaerae,0.008396798239367197,0.010039261452330894
UV,T6,PP,PP_UV_T6, Kiritimatiellae,0.0015770337453738196,0.0013172060549745022
UV,T1,Nylon,Nylon_UV_T1, Anaerolineae,0.001145958986731001,0.001621882676827485
UV,T1,PET,PET_UV_T1, Negativicutes,0.00611597429779248,0.008456523198903469
NA,NA,negative_c,negative_c_, Subgroup 22,5.720335786062403e-4,7.552723143631191e-4
no UV,T1,Nylon,Nylon_no UV_T1, Coriobacteriia,0.0012716873702120837,9.224811058131865e-4
UV,T6,PET,PET_UV_T6, Melainabacteria,0.0010848157393071923,0.0015364698776286388
no UV,T1,Nylon,Nylon_no UV_T1, Babeliae,0.004717948717948718,0.0073090147251504076
UV,T1,PP,PP_UV_T1, Coriobacteriia,7.898033661964159e-4,0.0011342687288904817
UV,T6,PE,PE_UV_T6, Lentisphaeria,5.867963208412637e-4,4.203712711870268e-4
UV,T6,PP,PP_UV_T6, Sericytochromatia,5.56039669695838e-4,8.032717198303534e-4
UV,T6,Nylon,Nylon_UV_T6, 028H05-P-BN-P5,4.8588579102222296e-4,6.565647754652481e-4
UV,T1,PP,PP_UV_T1, Deltaproteobacteria,0.0032657335999238314,0.004618939837862849
no UV,T1,PE,PE_no UV_T1, Acidimicrobiia,0.002588902894662632,0.0017898328123167337
no UV,T1,PE,PE_no UV_T1, Clostridia,0.003919872491436594,0.0034107692782737787
no UV,T6,PE,PE_no UV_T6, Woesearchaeia,0.0012170182566124486,0.001236288190680832
UV,T6,PET,PET_UV_T6, Planctomycetacia,0.009102718818164062,0.005818029404294156
NA,NA,negative_c,negative_c_, SPG12-343-353-B69,1.056160788120663e-4,1.9556297724674577e-4
no UV,T6,PE,PE_no UV_T6, Phycisphaerae,0.0012459891852132571,0.001086824459578981
no UV,T1,PP,PP_no UV_T1, Clostridia,0.004256640173464869,0.001764680779122499
no UV,T6,PET,PET_no UV_T6, Saccharimonadia,4.1405475151900313e-4,5.886356817434433e-4
NA,NA,negative_c,negative_c_, Subgroup 6,1.894629656917812e-4,2.8271885607862585e-4
no UV,T6,PP,PP_no UV_T6, vadinHA49,3.710024486161608e-4,5.275204914578406e-4
no UV,T6,PP,PP_no UV_T6, Campylobacteria,4.922199118022279e-4,7.110757678573595e-4
NA,NA,negative_c,negative_c_, Woesearchaeia,2.670159854174221e-4,4.0408648984537683e-4
no UV,T6,PS,PS_no UV_T6, Clostridia,0.00186791290455497,0.0011979528003799847
no UV,T6,PET,PET_no UV_T6, Thermoanaerobaculia,0.0011073557308066363,0.0015678788074389328
UV,T6,PE,PE_UV_T6, Actinobacteria,0.005829012275167774,5.719461113592793e-4
no UV,T6,PS,PS_no UV_T6, Chloroflexia,7.482875726702354e-4,0.0010763292901588661
no UV,T6,PET,PET_no UV_T6, vadinHA49,3.9479639098323547e-4,5.613525920760899e-4
no UV,T1,PS,PS_no UV_T1, Verrucomicrobiae,0.005168979759303333,0.007025576244496715
no UV,T1,PS,PS_no UV_T1, KD4-96,0.003241753788799741,0.004640104289946005
no UV,T6,PE,PE_no UV_T6, OM190,0.0014847224587155646,0.0012984512062890069
no UV,T1,Nylon,Nylon_no UV_T1, Chlamydiae,5.836663224531945e-4,8.323945967368386e-4
no UV,T6,PE,PE_no UV_T6, Oxyphotobacteria,0.0027365517318062712,0.0019466464773840273
UV,T6,PP,PP_UV_T6, Rhodothermia,6.971243620067222e-4,9.870419079725562e-4
no UV,T1,Nylon,Nylon_no UV_T1, Verrucomicrobiae,0.0015714093296816775,0.0022225778057752958
UV,T6,PET,PET_UV_T6, Clostridia,7.970486792882444e-4,5.638945043664156e-4
no UV,T1,PS,PS_no UV_T1, Chloroflexia,0.0030796660993597535,0.004429760626414927
NA,NA,negative_c,negative_c_, Calditrichia,1.6735148337986849e-4,1.6825308976091985e-4
no UV,T6,PP,PP_no UV_T6, Subgroup 26,1.2024177846839721e-4,1.714825797699646e-4
UV,T1,PP,PP_UV_T1, Negativicutes,4.665333714176902e-4,6.636026521638587e-4
UV,T6,PET,PET_UV_T6, Pla4 lineage,4.107554741066068e-4,5.855618682785607e-4
UV,T6,Nylon,Nylon_UV_T6, Lentisphaeria,6.265378679647297e-4,3.75091819950055e-4
no UV,T6,Nylon,Nylon_no UV_T6, Oligosphaeria,7.908747727254198e-4,0.0011232764576468931
UV,T6,Nylon,Nylon_UV_T6, Oligosphaeria,9.850926027848974e-4,7.404693842525752e-4
UV,T6,PS,PS_UV_T6, Pla3 lineage,2.2155386805359386e-4,3.1470782278350464e-4
no UV,T1,PP,PP_no UV_T1, Phycisphaerae,0.0010534516519434384,0.0010511700106734057
no UV,T6,PE,PE_no UV_T6, Deltaproteobacteria,0.003798514809031557,0.0029792177168477428
UV,T6,PP,PP_UV_T6, Clostridia,0.0012352886659888211,0.001273974693708453
no UV,T1,PS,PS_no UV_T1, Deltaproteobacteria,0.002678534538705927,0.001478646908990042
UV,T6,PE,PE_UV_T6, Subgroup 21,3.6284733561201476e-4,5.280204320125682e-4
UV,T1,PET,PET_UV_T1, Bacilli,0.03245230990501865,0.032033150835851606
UV,T6,PP,PP_UV_T6, Woesearchaeia,4.398522760280509e-4,6.233289462862318e-4
no UV,T1,PP,PP_no UV_T1, Subgroup 22,7.847093772770585e-4,0.0011122890220986769
UV,T1,PE,PE_UV_T1, Ktedonobacteria,0.001867311072056239,0.0019285505824700084
UV,T6,PE,PE_UV_T6, Clostridia,0.001455078687568909,0.0013906683355284707
NA,NA,negative_c,negative_c_, Hydrogenedentia,8.314457268183943e-5,1.4584522846492682e-4
no UV,T6,PP,PP_no UV_T6, Subgroup 22,1.479898811918735e-4,2.0976876917489694e-4
no UV,T6,PE,PE_no UV_T6, Chlamydiae,5.385682163967095e-4,7.6807802002105e-4
no UV,T1,PP,PP_no UV_T1, MB-A2-108,4.331897618693995e-4,6.341248803133571e-4
no UV,T1,PET,PET_no UV_T1, Deltaproteobacteria,0.005324970319180371,0.0038224721045712344
no UV,T6,PE,PE_no UV_T6, Hydrogenedentia,2.222010602164873e-4,3.1961176177484896e-4
no UV,T6,PET,PET_no UV_T6, Holophagae,3.3702130937593276e-4,4.816638459979658e-4
UV,T6,PET,PET_UV_T6, Holophagae,3.3703013260029277e-4,4.816764559667159e-4
no UV,T1,PP,PP_no UV_T1, OM190,0.001625469424359621,0.0022998229338090305
no UV,T6,PS,PS_no UV_T6, Thermoleophilia,0.001968503937007874,0.002800605145455936
NA,NA,negative_c,negative_c_, Thermoanaerobaculia,8.718444735738039e-4,0.0011468760228341068
NA,NA,negative_c,negative_c_, BD2-11 terrestrial group,2.9776121312067975e-4,3.6993871724581005e-4
NA,NA,negative_c,negative_c_, Gracilibacteria,1.7369799768665885e-4,1.8300715547808066e-4
UV,T1,Nylon,Nylon_UV_T1, Melainabacteria,0.00423728813559322,0.006001448308014085
NA,NA,negative_c,negative_c_, Leptospirae,6.96616690037033e-5,1.260227009210262e-4
NA,NA,negative_c,negative_c_, BD7-11,1.2647783713898425e-4,1.342094795090636e-4
no UV,T6,PP,PP_no UV_T6, Thermoanaerobaculia,4.6993643491380366e-4,6.653718914770462e-4
no UV,T6,PE,PE_no UV_T6, Thermoleophilia,2.158524584960163e-4,3.0709489300901455e-4
no UV,T6,PE,PE_no UV_T6, Thermoanaerobaculia,4.888423324762722e-4,6.921403050041185e-4
no UV,T1,Nylon,Nylon_no UV_T1, Blastocatellia (Subgroup 4),4.639398973345905e-4,6.581831177795819e-4
UV,T6,PET,PET_UV_T6, Anaerolineae,0.0023145973468253946,0.0017891433172997737
UV,T6,PET,PET_UV_T6, Subgroup 21,3.1596574931277445e-4,4.5979770299788236e-4
UV,T6,Nylon,Nylon_UV_T6, Clostridia,4.7356047967666805e-4,1.853956010886857e-4
no UV,T6,Nylon,Nylon_no UV_T6, Campylobacteria,2.935205342073723e-4,4.2402863890494253e-4
NA,NA,negative_c,negative_c_, Rhodothermia,7.604742867533637e-4,0.001043490953455362
NA,NA,negative_c,negative_c_, Melainabacteria,1.5772547811806396e-4,2.064668679427573e-4
no UV,T1,Nylon,Nylon_no UV_T1, Bacilli,0.006814461317177257,0.00392715955988979
NA,NA,negative_c,negative_c_, Saccharimonadia,1.657267367394605e-4,1.7206389436401126e-4
NA,NA,negative_c,negative_c_, Fusobacteriia,1.222816310875785e-4,1.741062063803608e-4
no UV,T6,PP,PP_no UV_T6, PAUC43f marine benthic group,1.6076772773366969e-4,2.3224992062254206e-4
no UV,T6,PE,PE_no UV_T6, Kiritimatiellae,1.6506364473224775e-4,2.3434532741454324e-4
UV,T6,Nylon,Nylon_UV_T6, Gracilibacteria,2.109396550325334e-4,3.001054110985251e-4
UV,T6,PE,PE_UV_T6, Saccharimonadia,5.018352753045086e-4,3.7715694102769985e-4
no UV,T1,PP,PP_no UV_T1, Fibrobacteria,8.507742045261188e-4,0.0012119910156554799
NA,NA,negative_c,negative_c_, Subgroup 26,1.1460468126415704e-4,1.9975351622317214e-4
no UV,T6,PS,PS_no UV_T6, Woesearchaeia,3.645503559162685e-4,5.166161495707864e-4
no UV,T6,PE,PE_no UV_T6, Clostridia,5.565051895575039e-4,3.9615719859886387e-4
no UV,T6,PET,PET_no UV_T6, OM190,8.569970438416576e-4,0.0012125367762054772
no UV,T6,PE,PE_no UV_T6, Lentisphaeria,4.7759579106759184e-4,6.635601766108701e-4
UV,T6,PE,PE_UV_T6, Thermoanaerobaculia,5.238390026833573e-4,9.615474624045502e-5
no UV,T1,PE,PE_no UV_T1, Nitrososphaeria,0.0010023459159735552,0.0014445342089902293
UV,T1,PE,PE_UV_T1, Verrucomicrobiae,0.004459956287934082,0.0020210790527097626
no UV,T1,PP,PP_no UV_T1, Blastocatellia (Subgroup 4),4.297218018421987e-4,6.096385263248416e-4
UV,T6,PE,PE_UV_T6, Oligosphaeria,8.036214360869309e-4,1.5586688871131962e-4
no UV,T6,PS,PS_no UV_T6, Subgroup 6,0.0013435820522434696,0.0019215828335939476
no UV,T6,PS,PS_no UV_T6, Planctomycetacia,0.0018122734658167728,0.0025636136086362245
no UV,T1,PP,PP_no UV_T1, Anaerolineae,6.807267686519135e-4,9.634367080437695e-4
no UV,T1,PP,PP_no UV_T1, Thermoanaerobaculia,9.065853831779767e-4,6.467302189489606e-4
no UV,T6,PE,PE_no UV_T6, Deinococci,5.536875331452378e-4,5.503479965511579e-4
UV,T6,Nylon,Nylon_UV_T6, Deinococci,1.7346460384435068e-4,2.47037532226006e-4
UV,T1,PE,PE_UV_T1, Anaerolineae,0.0015377855887521968,0.0015395685291640776
UV,T6,Nylon,Nylon_UV_T6, Melainabacteria,2.484763244256915e-4,3.519274047662455e-4
UV,T6,PE,PE_UV_T6, Melainabacteria,5.721914934197981e-4,8.104187301304543e-4
no UV,T6,PP,PP_no UV_T6, Melainabacteria,3.339022037545447e-4,4.729196485205133e-4
no UV,T6,PET,PET_no UV_T6, BD2-11 terrestrial group,1.9258360535767585e-4,2.7341616093250296e-4
no UV,T6,PET,PET_no UV_T6, Subgroup 22,1.9258360535767585e-4,2.7297829779839104e-4
UV,T6,PET,PET_UV_T6, Spirochaetia,2.10643832875183e-4,3.0298796264361223e-4
no UV,T1,PP,PP_no UV_T1, Acidimicrobiia,0.0022340641506534116,0.0026037114828419408
no UV,T6,PE,PE_no UV_T6, KD4-96,1.2062343268895029e-4,1.7265509472736426e-4
UV,T6,Nylon,Nylon_UV_T6, vadinHA49,2.203469292076887e-4,3.1330661245075847e-4
UV,T6,PET,PET_UV_T6, PAUC43f marine benthic group,2.3170821616270128e-4,3.3473269523674336e-4
no UV,T6,PS,PS_no UV_T6, Sericytochromatia,5.936757905261842e-4,8.576419979863573e-4
UV,T1,PS,PS_UV_T1, Deltaproteobacteria,0.0013195639701663797,0.001319776169889576
UV,T6,Nylon,Nylon_UV_T6, Thermoleophilia,2.2120978913468584e-4,2.7641549005239137e-4
UV,T6,Nylon,Nylon_UV_T6, Saccharimonadia,1.0782934833567746e-4,1.532942243427187e-4
UV,T1,PP,PP_UV_T1, Anaerolineae,2.0946396267733028e-4,2.964556117798891e-4
no UV,T1,Nylon,Nylon_no UV_T1, Clostridia,0.001666191207654319,0.0010057971656957502
UV,T6,PET,PET_UV_T6, Subgroup 26,4.0022328246284766e-4,5.707776601023122e-4
no UV,T1,PP,PP_no UV_T1, BD2-11 terrestrial group,3.363040188330251e-4,4.7745992481925965e-4
no UV,T6,PS,PS_no UV_T6, Erysipelotrichia,5.62429696287964e-4,8.233127724537681e-4
no UV,T1,PE,PE_no UV_T1, OM190,0.0016118033599900811,0.002280487271273047
no UV,T6,PP,PP_no UV_T6, BD7-11,1.0511736044124557e-4,1.4929779068149419e-4
no UV,T6,PP,PP_no UV_T6, Kiritimatiellae,1.6076772773366969e-4,2.2824629769052076e-4
UV,T6,PE,PE_UV_T6, vadinHA49,2.587728401323914e-4,1.898047604640046e-4
no UV,T6,PS,PS_no UV_T6, Thermoplasmata,1.6308831712043593e-4,2.5265533446737693e-4
UV,T1,PP,PP_UV_T1, Acidimicrobiia,4.8557554984290203e-4,6.868222374961349e-4
UV,T6,PET,PET_UV_T6, KD4-96,1.7904725794390554e-4,2.5628039753018624e-4
UV,T6,PET,PET_UV_T6, Gracilibacteria,1.7904725794390554e-4,2.5473186131375893e-4
no UV,T1,PET,PET_no UV_T1, Acidimicrobiia,0.002249913464866736,0.0031823896417609993
no UV,T1,PE,PE_no UV_T1, BD2-11 terrestrial group,0.0010538714276858224,0.0014962098115213665
NA,NA,negative_c,negative_c_, Pla3 lineage,2.959389977141329e-4,4.3033736735449257e-4
NA,NA,negative_c,negative_c_, Deinococci,1.3551143610237226e-4,2.3594478842537157e-4
UV,T6,PE,PE_UV_T6, Calditrichia,2.9295651735986104e-4,2.156148094500339e-4
no UV,T6,PS,PS_no UV_T6, Anaerolineae,2.7847926365446766e-4,2.0014104872524693e-4
UV,T1,PP,PP_UV_T1, Brocadiae,1.7137960582690659e-4,2.655001436988803e-4
no UV,T1,PP,PP_no UV_T1, Erysipelotrichia,5.978738112587112e-4,8.751976440320908e-4
no UV,T1,PP,PP_no UV_T1, Gracilibacteria,3.3630401883302503e-4,4.7846222091529027e-4
no UV,T6,PS,PS_no UV_T6, KD4-96,4.999375078115236e-4,7.155886368409417e-4
UV,T1,PE,PE_UV_T1, Clostridia,0.0017693227146350398,9.806156502007074e-5
no UV,T1,PS,PS_no UV_T1, Planctomycetacia,8.855331841909022e-4,0.0012526613475895181
UV,T1,Nylon,Nylon_UV_T1, Acidimicrobiia,0.002359898591318926,0.002841503951642421
UV,T1,Nylon,Nylon_UV_T1, Verrucomicrobiae,0.005044390637610976,0.00713471051943289
no UV,T1,PE,PE_no UV_T1, Blastocatellia (Subgroup 4),0.0010538714276858224,0.0014951082801848894
no UV,T6,PS,PS_no UV_T6, Gracilibacteria,1.4390145628273758e-4,2.0472966872325097e-4
no UV,T6,PET,PET_no UV_T6, Dadabacteriia,1.444377040182569e-4,2.0642736257055677e-4
UV,T6,PET,PET_UV_T6, ABY1,1.5798287465638723e-4,2.7363436563064824e-4
UV,T1,PE,PE_UV_T1, Omnitrophia,0.0012082601054481546,0.0013235826301750497
NA,NA,negative_c,negative_c_, Thermoleophilia,3.886622630364388e-5,5.0839485205746206e-5
UV,T6,PP,PP_UV_T6, Ignavibacteria,1.1618739366778703e-4,1.7428109050168057e-4
no UV,T6,Nylon,Nylon_no UV_T6, Thermoleophilia,2.1198705248310222e-4,3.0159555121674053e-4
UV,T6,Nylon,Nylon_UV_T6, Pla3 lineage,1.2658227848101267e-4,1.7980472926836164e-4
UV,T1,PP,PP_UV_T1, Oxyphotobacteria,3.7132247929163095e-4,5.251878388610934e-4
UV,T1,Nylon,Nylon_UV_T1, Chlamydiae,7.036590269400883e-4,0.001003521960129885
no UV,T1,PE,PE_no UV_T1, Anaerolineae,3.838771593090211e-4,5.433036626285423e-4
no UV,T1,PE,PE_no UV_T1, Oxyphotobacteria,0.0015503424001337737,0.0011196631343001612
no UV,T1,PE,PE_no UV_T1, Ignavibacteria,8.67894116917736e-4,0.001301841175376604
UV,T6,PP,PP_UV_T6, d142,1.0788829412008794e-4,1.868680069579269e-4
no UV,T6,PE,PE_no UV_T6, Oligosphaeria,3.227990998063826e-4,2.8255410222387234e-4
no UV,T6,PET,PET_no UV_T6, WCHB1-81,1.1555016321460553e-4,2.0013875351057312e-4
UV,T6,Nylon,Nylon_UV_T6, Calditrichia,1.9039066831995157e-4,2.1328485932073363e-4
no UV,T6,PS,PS_no UV_T6, Negativicutes,5.624296962879641e-4,8.000067325907358e-4
no UV,T1,Nylon,Nylon_no UV_T1, Oxyphotobacteria,0.0020512820512820513,0.0029012743571640047
no UV,T1,PP,PP_no UV_T1, Negativicutes,2.9390381610902284e-4,4.180523062227208e-4
no UV,T1,PE,PE_no UV_T1, Verrucomicrobiae,0.001966937128999757,0.0014702599866789957
no UV,T1,PE,PE_no UV_T1, Deltaproteobacteria,0.0032716612509203886,0.0025072521080544904
UV,T1,PET,PET_UV_T1, Planctomycetacia,0.001672569854388036,0.0023659910719773195
no UV,T6,PP,PP_no UV_T6, Deinococci,6.801711557962948e-5,9.68657582557868e-5
no UV,T6,PE,PE_no UV_T6, Subgroup 22,1.3332063612989242e-4,1.889757970027854e-4
UV,T6,PP,PP_UV_T6, Latescibacteria,9.12900950246898e-5,1.3484440689880841e-4
UV,T6,PET,PET_UV_T6, vadinHA49,1.6851506630014638e-4,2.396079889075739e-4
no UV,T6,PE,PE_no UV_T6, Sericytochromatia,0.00014810625950909507,2.139587807801367e-4
no UV,T1,PP,PP_no UV_T1, KD4-96,2.0551912262018197e-4,2.9417106438824487e-4
UV,T1,PE,PE_UV_T1, KD4-96,6.041300527240773e-4,6.152159324901659e-4
UV,T6,PE,PE_UV_T6, Blastocatellia (Subgroup 4),7.982641383464325e-5,1.1324828547986857e-4
UV,T6,PE,PE_UV_T6, Pla3 lineage,2.281723565731094e-4,1.8266468879499557e-4
UV,T6,PE,PE_UV_T6, Deinococci,1.360039718583402e-4,9.990369554522625e-5
UV,T6,Nylon,Nylon_UV_T6, Hydrogenedentia,5.055379383243715e-5,7.271606668053529e-5
UV,T6,PP,PP_UV_T6, Blastocatellia (Subgroup 4),8.299099547699073e-5,1.1773782005922849e-4
UV,T6,PP,PP_UV_T6, Spirochaetia,1.7428109050168054e-4,2.5068416111522634e-4
UV,T6,Nylon,Nylon_UV_T6, Subgroup 21,7.501172058134083e-5,1.0915808721747757e-4
no UV,T1,PP,PP_no UV_T1, vadinHA49,2.242026792220167e-4,3.187890213946446e-4
no UV,T6,PS,PS_no UV_T6, Coriobacteriia,4.374453193350832e-4,6.282330103388045e-4
UV,T1,Nylon,Nylon_UV_T1, Sericytochromatia,2.41254523522316e-4,3.4852357950041743e-4
no UV,T6,PET,PET_no UV_T6, Parcubacteria,1.762176640586452e-4,2.5009786035545204e-4
no UV,T1,PS,PS_no UV_T1, Fusobacteriia,5.592841163310962e-4,7.925212083359946e-4
no UV,T1,PE,PE_no UV_T1, Lentisphaeria,0.001735788233835472,0.002460558014732682
UV,T6,PE,PE_UV_T6, AT-s3-28,5.8461298620313374e-5,9.05678543816529e-5
UV,T6,PP,PP_UV_T6, Hydrogenedentia,1.1618739366778703e-4,1.6712277407681758e-4
UV,T6,Nylon,Nylon_UV_T6, Coriobacteriia,7.301757289587695e-5,1.0486350544963057e-4
no UV,T6,PE,PE_no UV_T6, Anaerolineae,2.55819902788437e-4,3.620634538622033e-4
UV,T1,PE,PE_UV_T1, Acidimicrobiia,6.041300527240773e-4,6.042814447957995e-4
UV,T1,PP,PP_UV_T1, Campylobacteria,8.170379650307751e-5,1.1803177490842887e-4
no UV,T1,PS,PS_no UV_T1, Nitrososphaeria,7.923191648023862e-4,0.001141853445757752
no UV,T1,PET,PET_no UV_T1, Clostridia,0.002090592217854099,0.0021074938158607568
no UV,T1,PE,PE_no UV_T1, PAUC43f marine benthic group,8.059016799950407e-4,0.0011642299349934905
NA,NA,negative_c,negative_c_, 028H05-P-BN-P5,2.3913782841595103e-5,4.231073905473836e-5
UV,T6,PE,PE_UV_T6, JG30-KF-CM66,5.19655987736119e-5,8.050475945035814e-5
UV,T6,PP,PP_UV_T6, Nitrospira,6.639279638159259e-5,9.958919457238889e-5
UV,T6,Nylon,Nylon_UV_T6, Leptospirae,3.7505860290670415e-5,5.6258790436005626e-5
UV,T6,Nylon,Nylon_UV_T6, Cloacimonadia,4.688232536333802e-5,7.262978614547429e-5
no UV,T6,PE,PE_no UV_T6, Erysipelotrichia,1.077136432793419e-4,1.5767662850079303e-4
UV,T1,PET,PET_UV_T1, Clostridia,0.0011343198560824445,2.7155632775610893e-4
no UV,T1,PS,PS_no UV_T1, Acidimicrobiia,0.0015380313199105143,0.002175468086936904
no UV,T1,PS,PS_no UV_T1, Lentisphaeria,3.728560775540641e-4,5.285402862423151e-4
UV,T6,PE,PE_UV_T6, Mollicutes,4.546989892691041e-5,7.044166451906336e-5
UV,T6,PP,PP_UV_T6, BD2-11 terrestrial group,9.12900950246898e-5,1.2960702063115275e-4
UV,T6,Nylon,Nylon_UV_T6, Subgroup 22,7.969995311767464e-5,1.129709743270586e-4
no UV,T6,PE,PE_no UV_T6, Holophagae,9.424943786942415e-5,1.3469933640515073e-4
UV,T1,PE,PE_UV_T1, Thermoanaerobaculia,0.0014279437609841829,0.0014304644050660543
UV,T1,PE,PE_UV_T1, OM190,0.0010434973637961336,0.001044220758935908
UV,T6,PE,PE_UV_T6, Babeliae,1.4834594273846615e-4,2.298165462814073e-4
no UV,T6,PS,PS_no UV_T6, Fibrobacteria,2.1872265966754156e-4,3.1158666662323955e-4
no UV,T1,PET,PET_no UV_T1, Phycisphaerae,0.0014710972654897888,0.0020813469155159525
no UV,T1,PE,PE_no UV_T1, Deinococci,4.33947058458868e-4,6.180004915273924e-4
no UV,T1,PE,PE_no UV_T1, Rhodothermia,4.33947058458868e-4,6.144153839457833e-4
NA,NA,negative_c,negative_c_, Parcubacteria,5.0484652665589664e-5,8.76754737772923e-5
UV,T6,PE,PE_UV_T6, Thermoleophilia,5.846129862031338e-5,8.317332297285149e-5
no UV,T6,PET,PET_no UV_T6, Rhodothermia,8.666262241095415e-5,1.2270355884304695e-4
UV,T6,PP,PP_UV_T6, Parcubacteria,2.7224374866016205e-4,9.848009121094111e-5
UV,T6,PP,PP_UV_T6, PAUC43f marine benthic group,4.979459728619444e-5,7.193478088033016e-5
UV,T6,Nylon,Nylon_UV_T6, BD2-11 terrestrial group,4.688232536333802e-5,6.656010719409603e-5
no UV,T1,PP,PP_no UV_T1, Rhodothermia,1.3078489621284306e-4,1.8517524351081645e-4
UV,T1,PE,PE_UV_T1, Phycisphaerae,8.787346221441124e-4,8.79305785429732e-4
UV,T6,PE,PE_UV_T6, BD7-11,2.1192277534066596e-4,3.009931187449929e-4
no UV,T1,PE,PE_no UV_T1, KD4-96,2.1326508850501172e-4,3.052583004566205e-4
UV,T6,PE,PE_UV_T6, Ignavibacteria,3.247849923350743e-5,4.8717748850261126e-5
no UV,T6,PET,PET_no UV_T6, Calditrichia,6.740426187518654e-5,9.572370448964543e-5
UV,T6,Nylon,Nylon_UV_T6, Nitrospira,4.219409282700422e-5,6.329113924050633e-5
UV,T6,Nylon,Nylon_UV_T6, PAUC43f marine benthic group,3.281762775433661e-5,4.7409337361484356e-5
no UV,T6,PE,PE_no UV_T6, Leptospirae,6.732102704958867e-5,1.00981540574383e-4
no UV,T6,PE,PE_no UV_T6, Gracilibacteria,6.732102704958867e-5,9.577812429424779e-5
UV,T1,PE,PE_UV_T1, Planctomycetacia,7.688927943760985e-4,7.691952104327775e-4
UV,T6,PE,PE_UV_T6, Chlamydiae,1.9073049780659934e-4,2.7200993050249567e-4
no UV,T1,PS,PS_no UV_T1, Gracilibacteria,4.6607009694258017e-4,6.630813823133928e-4
UV,T1,Nylon,Nylon_UV_T1, Campylobacteria,5.044390637610976e-4,7.287279242479976e-4
NA,NA,negative_c,negative_c_, Nitrososphaeria,3.985630473599184e-5,7.001238725876413e-5
no UV,T6,PET,PET_no UV_T6, Mollicutes,3.851672107153517e-5,5.966984770422882e-5
UV,T6,Nylon,Nylon_UV_T6, Parcubacteria,1.8752930145335207e-5,2.6615196210878933e-5
no UV,T6,PE,PE_no UV_T6, Negativicutes,6.732102704958869e-5,9.575823474480808e-5
no UV,T6,PE,PE_no UV_T6, Microgenomatia,5.385682163967095e-5,9.328275141408503e-5
no UV,T6,PE,PE_no UV_T6, BD2-11 terrestrial group,1.077136432793419e-4,1.5292397694390204e-4
UV,T1,PE,PE_UV_T1, Oxyphotobacteria,2.196836555360281e-4,2.1972040115065928e-4
UV,T6,PE,PE_UV_T6, PAUC43f marine benthic group,8.476911013626637e-5,1.2246001966891137e-4
no UV,T1,PS,PS_no UV_T1, Blastocatellia (Subgroup 4),3.2417537887997406e-4,4.599017303845282e-4
no UV,T1,PE,PE_no UV_T1, Parcubacteria,8.530603540200469e-5,1.2107104610323047e-4
no UV,T1,PE,PE_no UV_T1, JG30-KF-CM66,2.4796974769078175e-4,3.841530812678611e-4
no UV,T1,PE,PE_no UV_T1, Melainabacteria,6.819168061496498e-4,9.658272771436715e-4
no UV,T1,PE,PE_no UV_T1, Thermoanaerobaculia,4.959394953815635e-4,7.021890102237523e-4
NA,NA,negative_c,negative_c_, Sericytochromatia,2.1256695859195648e-5,3.740679747164866e-5
no UV,T6,PP,PP_no UV_T6, Subgroup 9,1.855012243080804e-5,2.6605964443148926e-5
UV,T6,PP,PP_UV_T6, Deinococci,4.1495497738495366e-5,5.9095314736405e-5
no UV,T6,PP,PP_no UV_T6, Mollicutes,6.93702568086907e-6,1.0746793973687632e-5
UV,T6,Nylon,Nylon_UV_T6, Holophagae,2.8129395218002813e-5,4.020194661099839e-5
UV,T1,PP,PP_UV_T1, Parcubacteria,2.8563267637817765e-5,4.053857006412793e-5
UV,T6,PET,PET_UV_T6, Parcubacteria,3.1596574931277445e-5,4.484360763199845e-5
no UV,T6,PE,PE_no UV_T6, Latescibacteria,4.039261622975321e-5,5.966384827531578e-5
UV,T6,PE,PE_UV_T6, Sericytochromatia,1.0596138767033298e-4,1.5307502458613924e-4
UV,T1,PET,PET_UV_T1, Acidimicrobiia,8.58000858000858e-5,1.213599138705412e-4
UV,T1,PET,PET_UV_T1, Erysipelotrichia,8.58000858000858e-5,1.255984649869412e-4
no UV,T1,PET,PET_no UV_T1, Oligosphaeria,6.057459328487366e-4,8.603386644127714e-4
no UV,T1,PE,PE_no UV_T1, Chlamydiae,1.859773107680863e-4,2.6523118200196856e-4
NA,NA,negative_c,negative_c_, Subgroup 9,7.971260947198368e-6,1.3952734923487065e-5
UV,T6,PS,PS_UV_T6, BD7-11,4.8750048750048754e-6,6.9239510423832834e-6
UV,T6,PE,PE_UV_T6, Campylobacteria,1.2991399693402975e-5,1.87677688184222e-5
UV,T6,PP,PP_UV_T6, Thermoleophilia,2.1203736098300518e-5,3.016671254925343e-5
no UV,T6,Nylon,Nylon_no UV_T6, Lentisphaeria,3.2613392689708036e-5,4.623095329605261e-5
no UV,T6,Nylon,Nylon_no UV_T6, Parcubacteria,2.446004451728103e-5,3.4715048747526336e-5
no UV,T6,PP,PP_no UV_T6, Acidobacteriia,4.624683787246047e-6,6.601703059656846e-6
UV,T6,Nylon,Nylon_UV_T6, AT-s3-28,9.376465072667604e-6,1.4525957229094858e-5
UV,T6,Nylon,Nylon_UV_T6, Gemmatimonadetes,9.376465072667604e-6,1.3725739422623533e-5
UV,T6,PE,PE_UV_T6, MB-A2-108,8.476911013626637e-5,1.2408927114864685e-4
no UV,T6,PS,PS_no UV_T6, Saccharimonadia,6.249218847644045e-5,8.884122651055003e-5
UV,T1,PET,PET_UV_T1, Leptospirae,5.72000572000572e-5,8.58000858000858e-5
no UV,T1,PS,PS_no UV_T1, Deinococci,9.321401938851603e-5,1.3274962619618045e-4
UV,T1,PET,PET_UV_T1, Deltaproteobacteria,3.935458480913026e-4,5.566175378839338e-4
UV,T1,PET,PET_UV_T1, Campylobacteria,1.967729240456513e-4,2.84264115905004e-4
NA,NA,negative_c,negative_c_, Holophagae,1.0628347929597824e-5,1.855436529512732e-5
NA,NA,negative_c,negative_c_, Acidobacteriia,1.5942521894396735e-5,2.7807037547850415e-5
NA,NA,negative_c,negative_c_, Elusimicrobia,5.314173964798912e-6,1.0628347929597824e-5
NA,NA,negative_c,negative_c_, Nitriliruptoria,1.0628347929597824e-5,1.9679876281195296e-5
NA,NA,negative_c,negative_c_, Subgroup 17,5.314173964798912e-6,1.0628347929597824e-5
NA,NA,negative_c,negative_c_, Chlamydiae,5.314173964798912e-6,9.262491929482933e-6
NA,NA,negative_c,negative_c_, Lineage IIb,5.314173964798912e-6,1.0628347929597824e-5
NA,NA,negative_c,negative_c_, Latescibacteria,1.0628347929597824e-5,1.9012566767279908e-5
NA,NA,negative_c,negative_c_, Pla4 lineage,1.328543491199728e-5,2.3149254004954763e-5
NA,NA,negative_c,negative_c_, LD1-PA32,1.0628347929597824e-5,1.9679876281195296e-5
NA,NA,negative_c,negative_c_, Omnitrophia,5.314173964798912e-6,9.61370242467999e-6
UV,T6,PP,PP_UV_T6, Subgroup 6,2.489729864309722e-5,3.560796424420238e-5
no UV,T6,PP,PP_no UV_T6, Magnetococcia,2.3123418936230233e-6,4.005093644225105e-6
UV,T6,Nylon,Nylon_UV_T6, Magnetococcia,4.688232536333802e-6,8.120256950627647e-6
UV,T6,PET,PET_UV_T6, Thermoanaerobaculia,4.0735758846915596e-4,5.545499564538858e-4
no UV,T1,PE,PE_no UV_T1, Negativicutes,6.199243692269544e-5,8.817878436218017e-5
UV,T1,PET,PET_UV_T1, Oxyphotobacteria,2.9515938606847696e-4,4.174649495624121e-4
UV,T1,PET,PET_UV_T1, Coriobacteriia,9.838646202282565e-5,1.4129679866533914e-4
UV,T1,PET,PET_UV_T1, Lentisphaeria,9.838646202282565e-5,1.3946724200136648e-4
UV,T6,PET,PET_UV_T6, Kiritimatiellae,3.968253968253968e-4,5.633837644643129e-4
NA,NA,negative_c,negative_c_, PAUC43f marine benthic group,2.657086982399456e-6,4.675849683956083e-6
UV,T6,PS,PS_UV_T6, BD2-11 terrestrial group,0,0
UV,T6,PS,PS_UV_T6, Fibrobacteria,0,0
UV,T6,PS,PS_UV_T6, Oligosphaeria,0,0
UV,T6,PS,PS_UV_T6, Negativicutes,0,0
UV,T6,PS,PS_UV_T6, Saccharimonadia,0,0
UV,T6,PS,PS_UV_T6, Deinococci,0,0
UV,T6,PS,PS_UV_T6, Parcubacteria,0,0
UV,T6,PS,PS_UV_T6, JG30-KF-CM66,0,0
UV,T6,PS,PS_UV_T6, Blastocatellia (Subgroup 4),0,0
UV,T6,PS,PS_UV_T6, Fusobacteriia,0,0
UV,T6,PS,PS_UV_T6, Leptospirae,0,0
UV,T6,PS,PS_UV_T6, Subgroup 26,0,0
UV,T6,PS,PS_UV_T6, Subgroup 6,0,0
UV,T6,PS,PS_UV_T6, Calditrichia,0,0
UV,T6,PS,PS_UV_T6, Nitrososphaeria,0,0
UV,T6,PS,PS_UV_T6, Ktedonobacteria,0,0
UV,T6,PS,PS_UV_T6, Coriobacteriia,0,0
UV,T6,PS,PS_UV_T6, Pla4 lineage,0,0
UV,T6,PS,PS_UV_T6, Dadabacteriia,0,0
UV,T6,PS,PS_UV_T6, Chloroflexia,0,0
UV,T6,PS,PS_UV_T6, 028H05-P-BN-P5,0,0
UV,T6,PS,PS_UV_T6, Chlamydiae,0,0
UV,T6,PS,PS_UV_T6, Latescibacteria,0,0
UV,T6,PS,PS_UV_T6, Gemmatimonadetes,0,0
UV,T6,PS,PS_UV_T6, Subgroup 22,0,0
UV,T6,PS,PS_UV_T6, KD4-96,0,0
UV,T6,PS,PS_UV_T6, PAUC43f marine benthic group,0,0
UV,T6,PS,PS_UV_T6, Spirochaetia,0,0
UV,T6,PS,PS_UV_T6, Omnitrophia,0,0
UV,T6,PS,PS_UV_T6, Nitrospira,0,0
UV,T6,PS,PS_UV_T6, Campylobacteria,0,0
UV,T6,PS,PS_UV_T6, MB-A2-108,0,0
UV,T6,PS,PS_UV_T6, Subgroup 9,0,0
UV,T6,PS,PS_UV_T6, AT-s3-28,0,0
UV,T6,PS,PS_UV_T6, Mollicutes,0,0
UV,T6,PS,PS_UV_T6, Sericytochromatia,0,0
UV,T6,PS,PS_UV_T6, Brocadiae,0,0
UV,T6,PS,PS_UV_T6, Elusimicrobia,0,0
UV,T6,PS,PS_UV_T6, Subgroup 21,0,0
UV,T6,PS,PS_UV_T6, Nitriliruptoria,0,0
UV,T6,PS,PS_UV_T6, Subgroup 17,0,0
UV,T6,PS,PS_UV_T6, Ignavibacteria,0,0
UV,T6,PS,PS_UV_T6, Cloacimonadia,0,0
UV,T6,PS,PS_UV_T6, Lineage IIb,0,0
UV,T6,PS,PS_UV_T6, Erysipelotrichia,0,0
UV,T6,PS,PS_UV_T6, SPG12-343-353-B69,0,0
UV,T6,PS,PS_UV_T6, Microgenomatia,0,0
UV,T6,PS,PS_UV_T6, LD1-PA32,0,0
UV,T6,PS,PS_UV_T6, Babeliae,0,0
UV,T6,PS,PS_UV_T6, d142,0,0
UV,T6,PS,PS_UV_T6, Magnetococcia,0,0
UV,T6,PS,PS_UV_T6, WCHB1-81,0,0
UV,T6,PS,PS_UV_T6, ABY1,0,0
no UV,T6,PP,PP_no UV_T6, JG30-KF-CM66,0,0
no UV,T6,PP,PP_no UV_T6, Blastocatellia (Subgroup 4),0,0
no UV,T6,PP,PP_no UV_T6, Leptospirae,0,0
no UV,T6,PP,PP_no UV_T6, Subgroup 6,0,0
no UV,T6,PP,PP_no UV_T6, Calditrichia,0,0
no UV,T6,PP,PP_no UV_T6, Nitrososphaeria,0,0
no UV,T6,PP,PP_no UV_T6, Pla3 lineage,0,0
no UV,T6,PP,PP_no UV_T6, Coriobacteriia,0,0
no UV,T6,PP,PP_no UV_T6, Hydrogenedentia,0,0
no UV,T6,PP,PP_no UV_T6, Pla4 lineage,0,0
no UV,T6,PP,PP_no UV_T6, Dadabacteriia,0,0
no UV,T6,PP,PP_no UV_T6, Chloroflexia,0,0
no UV,T6,PP,PP_no UV_T6, 028H05-P-BN-P5,0,0
no UV,T6,PP,PP_no UV_T6, Latescibacteria,0,0
no UV,T6,PP,PP_no UV_T6, Gemmatimonadetes,0,0
no UV,T6,PP,PP_no UV_T6, KD4-96,0,0
no UV,T6,PP,PP_no UV_T6, Thermoleophilia,0,0
no UV,T6,PP,PP_no UV_T6, Spirochaetia,0,0
no UV,T6,PP,PP_no UV_T6, Omnitrophia,0,0
no UV,T6,PP,PP_no UV_T6, Holophagae,0,0
no UV,T6,PP,PP_no UV_T6, Nitrospira,0,0
no UV,T6,PP,PP_no UV_T6, MB-A2-108,0,0
no UV,T6,PP,PP_no UV_T6, AT-s3-28,0,0
no UV,T6,PP,PP_no UV_T6, Sericytochromatia,0,0
no UV,T6,PP,PP_no UV_T6, Brocadiae,0,0
no UV,T6,PP,PP_no UV_T6, Elusimicrobia,0,0
no UV,T6,PP,PP_no UV_T6, Subgroup 21,0,0
no UV,T6,PP,PP_no UV_T6, Nitriliruptoria,0,0
no UV,T6,PP,PP_no UV_T6, Thermoplasmata,0,0
no UV,T6,PP,PP_no UV_T6, Subgroup 17,0,0
no UV,T6,PP,PP_no UV_T6, Ignavibacteria,0,0
no UV,T6,PP,PP_no UV_T6, Cloacimonadia,0,0
no UV,T6,PP,PP_no UV_T6, Lineage IIb,0,0
no UV,T6,PP,PP_no UV_T6, Erysipelotrichia,0,0
no UV,T6,PP,PP_no UV_T6, SPG12-343-353-B69,0,0
no UV,T6,PP,PP_no UV_T6, Microgenomatia,0,0
no UV,T6,PP,PP_no UV_T6, LD1-PA32,0,0
no UV,T6,PP,PP_no UV_T6, Babeliae,0,0
no UV,T6,PP,PP_no UV_T6, d142,0,0
no UV,T6,PP,PP_no UV_T6, WCHB1-81,0,0
no UV,T6,PP,PP_no UV_T6, ABY1,0,0
UV,T6,PE,PE_UV_T6, Fibrobacteria,0,0
UV,T6,PE,PE_UV_T6, Negativicutes,0,0
UV,T6,PE,PE_UV_T6, Leptospirae,0,0
UV,T6,PE,PE_UV_T6, Subgroup 26,0,0
UV,T6,PE,PE_UV_T6, Subgroup 6,0,0
UV,T6,PE,PE_UV_T6, Nitrososphaeria,0,0
UV,T6,PE,PE_UV_T6, Ktedonobacteria,0,0
UV,T6,PE,PE_UV_T6, Coriobacteriia,0,0
UV,T6,PE,PE_UV_T6, Hydrogenedentia,0,0
UV,T6,PE,PE_UV_T6, Dadabacteriia,0,0
UV,T6,PE,PE_UV_T6, Chloroflexia,0,0
UV,T6,PE,PE_UV_T6, Gracilibacteria,0,0
UV,T6,PE,PE_UV_T6, 028H05-P-BN-P5,0,0
UV,T6,PE,PE_UV_T6, Latescibacteria,0,0
UV,T6,PE,PE_UV_T6, Gemmatimonadetes,0,0
UV,T6,PE,PE_UV_T6, Acidobacteriia,0,0
UV,T6,PE,PE_UV_T6, Subgroup 22,0,0
UV,T6,PE,PE_UV_T6, KD4-96,0,0
UV,T6,PE,PE_UV_T6, Spirochaetia,0,0
UV,T6,PE,PE_UV_T6, Omnitrophia,0,0
UV,T6,PE,PE_UV_T6, Holophagae,0,0
UV,T6,PE,PE_UV_T6, Nitrospira,0,0
UV,T6,PE,PE_UV_T6, Subgroup 9,0,0
UV,T6,PE,PE_UV_T6, Brocadiae,0,0
UV,T6,PE,PE_UV_T6, Elusimicrobia,0,0
UV,T6,PE,PE_UV_T6, Nitriliruptoria,0,0
UV,T6,PE,PE_UV_T6, Thermoplasmata,0,0
UV,T6,PE,PE_UV_T6, Subgroup 17,0,0
UV,T6,PE,PE_UV_T6, Cloacimonadia,0,0
UV,T6,PE,PE_UV_T6, Lineage IIb,0,0
UV,T6,PE,PE_UV_T6, Erysipelotrichia,0,0
UV,T6,PE,PE_UV_T6, SPG12-343-353-B69,0,0
UV,T6,PE,PE_UV_T6, Microgenomatia,0,0
UV,T6,PE,PE_UV_T6, LD1-PA32,0,0
UV,T6,PE,PE_UV_T6, d142,0,0
UV,T6,PE,PE_UV_T6, Magnetococcia,0,0
UV,T6,PE,PE_UV_T6, WCHB1-81,0,0
UV,T6,PE,PE_UV_T6, ABY1,0,0
UV,T6,Nylon,Nylon_UV_T6, Fibrobacteria,0,0
UV,T6,Nylon,Nylon_UV_T6, Negativicutes,0,0
UV,T6,Nylon,Nylon_UV_T6, JG30-KF-CM66,0,0
UV,T6,Nylon,Nylon_UV_T6, Blastocatellia (Subgroup 4),0,0
UV,T6,Nylon,Nylon_UV_T6, Subgroup 6,0,0
UV,T6,Nylon,Nylon_UV_T6, Nitrososphaeria,0,0
UV,T6,Nylon,Nylon_UV_T6, Ktedonobacteria,0,0
UV,T6,Nylon,Nylon_UV_T6, Dadabacteriia,0,0
UV,T6,Nylon,Nylon_UV_T6, Chloroflexia,0,0
UV,T6,Nylon,Nylon_UV_T6, Chlamydiae,0,0
UV,T6,Nylon,Nylon_UV_T6, Latescibacteria,0,0
UV,T6,Nylon,Nylon_UV_T6, Acidobacteriia,0,0
UV,T6,Nylon,Nylon_UV_T6, KD4-96,0,0
UV,T6,Nylon,Nylon_UV_T6, Omnitrophia,0,0
UV,T6,Nylon,Nylon_UV_T6, Campylobacteria,0,0
UV,T6,Nylon,Nylon_UV_T6, MB-A2-108,0,0
UV,T6,Nylon,Nylon_UV_T6, Subgroup 9,0,0
UV,T6,Nylon,Nylon_UV_T6, Mollicutes,0,0
UV,T6,Nylon,Nylon_UV_T6, Sericytochromatia,0,0
UV,T6,Nylon,Nylon_UV_T6, Brocadiae,0,0
UV,T6,Nylon,Nylon_UV_T6, Elusimicrobia,0,0
UV,T6,Nylon,Nylon_UV_T6, Nitriliruptoria,0,0
UV,T6,Nylon,Nylon_UV_T6, Thermoplasmata,0,0
UV,T6,Nylon,Nylon_UV_T6, Subgroup 17,0,0
UV,T6,Nylon,Nylon_UV_T6, Ignavibacteria,0,0
UV,T6,Nylon,Nylon_UV_T6, Lineage IIb,0,0
UV,T6,Nylon,Nylon_UV_T6, Erysipelotrichia,0,0
UV,T6,Nylon,Nylon_UV_T6, SPG12-343-353-B69,0,0
UV,T6,Nylon,Nylon_UV_T6, Microgenomatia,0,0
UV,T6,Nylon,Nylon_UV_T6, LD1-PA32,0,0
UV,T6,Nylon,Nylon_UV_T6, Babeliae,0,0
UV,T6,Nylon,Nylon_UV_T6, d142,0,0
UV,T6,Nylon,Nylon_UV_T6, WCHB1-81,0,0
UV,T6,Nylon,Nylon_UV_T6, ABY1,0,0
no UV,T6,PS,PS_no UV_T6, BD7-11,0,0
no UV,T6,PS,PS_no UV_T6, BD2-11 terrestrial group,0,0
no UV,T6,PS,PS_no UV_T6, Oligosphaeria,0,0
no UV,T6,PS,PS_no UV_T6, Deinococci,0,0
no UV,T6,PS,PS_no UV_T6, Parcubacteria,0,0
no UV,T6,PS,PS_no UV_T6, Kiritimatiellae,0,0
no UV,T6,PS,PS_no UV_T6, JG30-KF-CM66,0,0
no UV,T6,PS,PS_no UV_T6, Blastocatellia (Subgroup 4),0,0
no UV,T6,PS,PS_no UV_T6, Fusobacteriia,0,0
no UV,T6,PS,PS_no UV_T6, Leptospirae,0,0
no UV,T6,PS,PS_no UV_T6, Subgroup 26,0,0
no UV,T6,PS,PS_no UV_T6, Calditrichia,0,0
no UV,T6,PS,PS_no UV_T6, Nitrososphaeria,0,0
no UV,T6,PS,PS_no UV_T6, Melainabacteria,0,0
no UV,T6,PS,PS_no UV_T6, Ktedonobacteria,0,0
no UV,T6,PS,PS_no UV_T6, Pla3 lineage,0,0
no UV,T6,PS,PS_no UV_T6, Hydrogenedentia,0,0
no UV,T6,PS,PS_no UV_T6, Pla4 lineage,0,0
no UV,T6,PS,PS_no UV_T6, Dadabacteriia,0,0
no UV,T6,PS,PS_no UV_T6, 028H05-P-BN-P5,0,0
no UV,T6,PS,PS_no UV_T6, Chlamydiae,0,0
no UV,T6,PS,PS_no UV_T6, Latescibacteria,0,0
no UV,T6,PS,PS_no UV_T6, Gemmatimonadetes,0,0
no UV,T6,PS,PS_no UV_T6, Acidobacteriia,0,0
no UV,T6,PS,PS_no UV_T6, Subgroup 22,0,0
no UV,T6,PS,PS_no UV_T6, PAUC43f marine benthic group,0,0
no UV,T6,PS,PS_no UV_T6, Spirochaetia,0,0
no UV,T6,PS,PS_no UV_T6, Omnitrophia,0,0
no UV,T6,PS,PS_no UV_T6, Holophagae,0,0
no UV,T6,PS,PS_no UV_T6, Nitrospira,0,0
no UV,T6,PS,PS_no UV_T6, Campylobacteria,0,0
no UV,T6,PS,PS_no UV_T6, MB-A2-108,0,0
no UV,T6,PS,PS_no UV_T6, Subgroup 9,0,0
no UV,T6,PS,PS_no UV_T6, AT-s3-28,0,0
no UV,T6,PS,PS_no UV_T6, Mollicutes,0,0
no UV,T6,PS,PS_no UV_T6, Brocadiae,0,0
no UV,T6,PS,PS_no UV_T6, Elusimicrobia,0,0
no UV,T6,PS,PS_no UV_T6, Subgroup 21,0,0
no UV,T6,PS,PS_no UV_T6, Nitriliruptoria,0,0
no UV,T6,PS,PS_no UV_T6, Subgroup 17,0,0
no UV,T6,PS,PS_no UV_T6, Ignavibacteria,0,0
no UV,T6,PS,PS_no UV_T6, Cloacimonadia,0,0
no UV,T6,PS,PS_no UV_T6, Lineage IIb,0,0
no UV,T6,PS,PS_no UV_T6, SPG12-343-353-B69,0,0
no UV,T6,PS,PS_no UV_T6, Microgenomatia,0,0
no UV,T6,PS,PS_no UV_T6, LD1-PA32,0,0
no UV,T6,PS,PS_no UV_T6, Babeliae,0,0
no UV,T6,PS,PS_no UV_T6, d142,0,0
no UV,T6,PS,PS_no UV_T6, Magnetococcia,0,0
no UV,T6,PS,PS_no UV_T6, WCHB1-81,0,0
no UV,T6,PS,PS_no UV_T6, ABY1,0,0
no UV,T6,PE,PE_no UV_T6, BD7-11,0,0
no UV,T6,PE,PE_no UV_T6, Fibrobacteria,0,0
no UV,T6,PE,PE_no UV_T6, Saccharimonadia,0,0
no UV,T6,PE,PE_no UV_T6, JG30-KF-CM66,0,0
no UV,T6,PE,PE_no UV_T6, vadinHA49,0,0
no UV,T6,PE,PE_no UV_T6, Blastocatellia (Subgroup 4),0,0
no UV,T6,PE,PE_no UV_T6, Subgroup 26,0,0
no UV,T6,PE,PE_no UV_T6, Subgroup 6,0,0
no UV,T6,PE,PE_no UV_T6, Calditrichia,0,0
no UV,T6,PE,PE_no UV_T6, Nitrososphaeria,0,0
no UV,T6,PE,PE_no UV_T6, Ktedonobacteria,0,0
no UV,T6,PE,PE_no UV_T6, Pla3 lineage,0,0
no UV,T6,PE,PE_no UV_T6, Coriobacteriia,0,0
no UV,T6,PE,PE_no UV_T6, Pla4 lineage,0,0
no UV,T6,PE,PE_no UV_T6, Dadabacteriia,0,0
no UV,T6,PE,PE_no UV_T6, Chloroflexia,0,0
no UV,T6,PE,PE_no UV_T6, 028H05-P-BN-P5,0,0
no UV,T6,PE,PE_no UV_T6, Gemmatimonadetes,0,0
no UV,T6,PE,PE_no UV_T6, Acidobacteriia,0,0
no UV,T6,PE,PE_no UV_T6, PAUC43f marine benthic group,0,0
no UV,T6,PE,PE_no UV_T6, Spirochaetia,0,0
no UV,T6,PE,PE_no UV_T6, Omnitrophia,0,0
no UV,T6,PE,PE_no UV_T6, Nitrospira,0,0
no UV,T6,PE,PE_no UV_T6, Campylobacteria,0,0
no UV,T6,PE,PE_no UV_T6, MB-A2-108,0,0
no UV,T6,PE,PE_no UV_T6, Subgroup 9,0,0
no UV,T6,PE,PE_no UV_T6, AT-s3-28,0,0
no UV,T6,PE,PE_no UV_T6, Mollicutes,0,0
no UV,T6,PE,PE_no UV_T6, Brocadiae,0,0
no UV,T6,PE,PE_no UV_T6, Elusimicrobia,0,0
no UV,T6,PE,PE_no UV_T6, Subgroup 21,0,0
no UV,T6,PE,PE_no UV_T6, Nitriliruptoria,0,0
no UV,T6,PE,PE_no UV_T6, Thermoplasmata,0,0
no UV,T6,PE,PE_no UV_T6, Subgroup 17,0,0
no UV,T6,PE,PE_no UV_T6, Ignavibacteria,0,0
no UV,T6,PE,PE_no UV_T6, Cloacimonadia,0,0
no UV,T6,PE,PE_no UV_T6, Lineage IIb,0,0
no UV,T6,PE,PE_no UV_T6, SPG12-343-353-B69,0,0
no UV,T6,PE,PE_no UV_T6, LD1-PA32,0,0
no UV,T6,PE,PE_no UV_T6, Babeliae,0,0
no UV,T6,PE,PE_no UV_T6, d142,0,0
no UV,T6,PE,PE_no UV_T6, Magnetococcia,0,0
no UV,T6,PE,PE_no UV_T6, WCHB1-81,0,0
no UV,T6,PE,PE_no UV_T6, ABY1,0,0
UV,T6,PP,PP_UV_T6, Fibrobacteria,0,0
UV,T6,PP,PP_UV_T6, Negativicutes,0,0
UV,T6,PP,PP_UV_T6, JG30-KF-CM66,0,0
UV,T6,PP,PP_UV_T6, vadinHA49,0,0
UV,T6,PP,PP_UV_T6, Leptospirae,0,0
UV,T6,PP,PP_UV_T6, Subgroup 26,0,0
UV,T6,PP,PP_UV_T6, Nitrososphaeria,0,0
UV,T6,PP,PP_UV_T6, Ktedonobacteria,0,0
UV,T6,PP,PP_UV_T6, Coriobacteriia,0,0
UV,T6,PP,PP_UV_T6, Dadabacteriia,0,0
UV,T6,PP,PP_UV_T6, Chloroflexia,0,0
UV,T6,PP,PP_UV_T6, Gracilibacteria,0,0
UV,T6,PP,PP_UV_T6, 028H05-P-BN-P5,0,0
UV,T6,PP,PP_UV_T6, Gemmatimonadetes,0,0
UV,T6,PP,PP_UV_T6, Acidobacteriia,0,0
UV,T6,PP,PP_UV_T6, Omnitrophia,0,0
UV,T6,PP,PP_UV_T6, Holophagae,0,0
UV,T6,PP,PP_UV_T6, Campylobacteria,0,0
UV,T6,PP,PP_UV_T6, MB-A2-108,0,0
UV,T6,PP,PP_UV_T6, Subgroup 9,0,0
UV,T6,PP,PP_UV_T6, AT-s3-28,0,0
UV,T6,PP,PP_UV_T6, Mollicutes,0,0
UV,T6,PP,PP_UV_T6, Brocadiae,0,0
UV,T6,PP,PP_UV_T6, Elusimicrobia,0,0
UV,T6,PP,PP_UV_T6, Subgroup 21,0,0
UV,T6,PP,PP_UV_T6, Nitriliruptoria,0,0
UV,T6,PP,PP_UV_T6, Thermoplasmata,0,0
UV,T6,PP,PP_UV_T6, Subgroup 17,0,0
UV,T6,PP,PP_UV_T6, Cloacimonadia,0,0
UV,T6,PP,PP_UV_T6, Lineage IIb,0,0
UV,T6,PP,PP_UV_T6, Erysipelotrichia,0,0
UV,T6,PP,PP_UV_T6, SPG12-343-353-B69,0,0
UV,T6,PP,PP_UV_T6, Microgenomatia,0,0
UV,T6,PP,PP_UV_T6, LD1-PA32,0,0
UV,T6,PP,PP_UV_T6, Babeliae,0,0
UV,T6,PP,PP_UV_T6, Magnetococcia,0,0
UV,T6,PP,PP_UV_T6, WCHB1-81,0,0
UV,T6,PP,PP_UV_T6, ABY1,0,0
no UV,T6,PET,PET_no UV_T6, BD7-11,0,0
no UV,T6,PET,PET_no UV_T6, Fibrobacteria,0,0
no UV,T6,PET,PET_no UV_T6, JG30-KF-CM66,0,0
no UV,T6,PET,PET_no UV_T6, Leptospirae,0,0
no UV,T6,PET,PET_no UV_T6, Subgroup 26,0,0
no UV,T6,PET,PET_no UV_T6, Subgroup 6,0,0
no UV,T6,PET,PET_no UV_T6, Nitrososphaeria,0,0
no UV,T6,PET,PET_no UV_T6, Ktedonobacteria,0,0
no UV,T6,PET,PET_no UV_T6, Woesearchaeia,0,0
no UV,T6,PET,PET_no UV_T6, Pla3 lineage,0,0
no UV,T6,PET,PET_no UV_T6, Hydrogenedentia,0,0
no UV,T6,PET,PET_no UV_T6, Pla4 lineage,0,0
no UV,T6,PET,PET_no UV_T6, Chloroflexia,0,0
no UV,T6,PET,PET_no UV_T6, Gracilibacteria,0,0
no UV,T6,PET,PET_no UV_T6, 028H05-P-BN-P5,0,0
no UV,T6,PET,PET_no UV_T6, Chlamydiae,0,0
no UV,T6,PET,PET_no UV_T6, Latescibacteria,0,0
no UV,T6,PET,PET_no UV_T6, Gemmatimonadetes,0,0
no UV,T6,PET,PET_no UV_T6, Acidobacteriia,0,0
no UV,T6,PET,PET_no UV_T6, KD4-96,0,0
no UV,T6,PET,PET_no UV_T6, Thermoleophilia,0,0
no UV,T6,PET,PET_no UV_T6, PAUC43f marine benthic group,0,0
no UV,T6,PET,PET_no UV_T6, Omnitrophia,0,0
no UV,T6,PET,PET_no UV_T6, Nitrospira,0,0
no UV,T6,PET,PET_no UV_T6, Campylobacteria,0,0
no UV,T6,PET,PET_no UV_T6, MB-A2-108,0,0
no UV,T6,PET,PET_no UV_T6, Subgroup 9,0,0
no UV,T6,PET,PET_no UV_T6, AT-s3-28,0,0
no UV,T6,PET,PET_no UV_T6, Sericytochromatia,0,0
no UV,T6,PET,PET_no UV_T6, Brocadiae,0,0
no UV,T6,PET,PET_no UV_T6, Elusimicrobia,0,0
no UV,T6,PET,PET_no UV_T6, Subgroup 21,0,0
no UV,T6,PET,PET_no UV_T6, Nitriliruptoria,0,0
no UV,T6,PET,PET_no UV_T6, Thermoplasmata,0,0
no UV,T6,PET,PET_no UV_T6, Subgroup 17,0,0
no UV,T6,PET,PET_no UV_T6, Ignavibacteria,0,0
no UV,T6,PET,PET_no UV_T6, Cloacimonadia,0,0
no UV,T6,PET,PET_no UV_T6, Lineage IIb,0,0
no UV,T6,PET,PET_no UV_T6, Erysipelotrichia,0,0
no UV,T6,PET,PET_no UV_T6, SPG12-343-353-B69,0,0
no UV,T6,PET,PET_no UV_T6, Microgenomatia,0,0
no UV,T6,PET,PET_no UV_T6, LD1-PA32,0,0
no UV,T6,PET,PET_no UV_T6, Babeliae,0,0
no UV,T6,PET,PET_no UV_T6, d142,0,0
no UV,T6,PET,PET_no UV_T6, Magnetococcia,0,0
no UV,T6,PET,PET_no UV_T6, ABY1,0,0
no UV,T6,Nylon,Nylon_no UV_T6, Planctomycetacia,0,0
no UV,T6,Nylon,Nylon_no UV_T6, Fibrobacteria,0,0
no UV,T6,Nylon,Nylon_no UV_T6, Negativicutes,0,0
no UV,T6,Nylon,Nylon_no UV_T6, Saccharimonadia,0,0
no UV,T6,Nylon,Nylon_no UV_T6, Deinococci,0,0
no UV,T6,Nylon,Nylon_no UV_T6, Kiritimatiellae,0,0
no UV,T6,Nylon,Nylon_no UV_T6, JG30-KF-CM66,0,0
no UV,T6,Nylon,Nylon_no UV_T6, Thermoanaerobaculia,0,0
no UV,T6,Nylon,Nylon_no UV_T6, Fusobacteriia,0,0
no UV,T6,Nylon,Nylon_no UV_T6, Leptospirae,0,0
no UV,T6,Nylon,Nylon_no UV_T6, Subgroup 26,0,0
no UV,T6,Nylon,Nylon_no UV_T6, Subgroup 6,0,0
no UV,T6,Nylon,Nylon_no UV_T6, Calditrichia,0,0
no UV,T6,Nylon,Nylon_no UV_T6, Nitrososphaeria,0,0
no UV,T6,Nylon,Nylon_no UV_T6, Ktedonobacteria,0,0
no UV,T6,Nylon,Nylon_no UV_T6, Woesearchaeia,0,0
no UV,T6,Nylon,Nylon_no UV_T6, Pla3 lineage,0,0
no UV,T6,Nylon,Nylon_no UV_T6, Coriobacteriia,0,0
no UV,T6,Nylon,Nylon_no UV_T6, Hydrogenedentia,0,0
no UV,T6,Nylon,Nylon_no UV_T6, Pla4 lineage,0,0
no UV,T6,Nylon,Nylon_no UV_T6, Dadabacteriia,0,0
no UV,T6,Nylon,Nylon_no UV_T6, Chloroflexia,0,0
no UV,T6,Nylon,Nylon_no UV_T6, Gracilibacteria,0,0
no UV,T6,Nylon,Nylon_no UV_T6, 028H05-P-BN-P5,0,0
no UV,T6,Nylon,Nylon_no UV_T6, Chlamydiae,0,0
no UV,T6,Nylon,Nylon_no UV_T6, Latescibacteria,0,0
no UV,T6,Nylon,Nylon_no UV_T6, Gemmatimonadetes,0,0
no UV,T6,Nylon,Nylon_no UV_T6, Acidobacteriia,0,0
no UV,T6,Nylon,Nylon_no UV_T6, Subgroup 22,0,0
no UV,T6,Nylon,Nylon_no UV_T6, KD4-96,0,0
no UV,T6,Nylon,Nylon_no UV_T6, PAUC43f marine benthic group,0,0
no UV,T6,Nylon,Nylon_no UV_T6, Spirochaetia,0,0
no UV,T6,Nylon,Nylon_no UV_T6, Omnitrophia,0,0
no UV,T6,Nylon,Nylon_no UV_T6, Holophagae,0,0
no UV,T6,Nylon,Nylon_no UV_T6, Nitrospira,0,0
no UV,T6,Nylon,Nylon_no UV_T6, MB-A2-108,0,0
no UV,T6,Nylon,Nylon_no UV_T6, AT-s3-28,0,0
no UV,T6,Nylon,Nylon_no UV_T6, Mollicutes,0,0
no UV,T6,Nylon,Nylon_no UV_T6, Sericytochromatia,0,0
no UV,T6,Nylon,Nylon_no UV_T6, Brocadiae,0,0
no UV,T6,Nylon,Nylon_no UV_T6, Elusimicrobia,0,0
no UV,T6,Nylon,Nylon_no UV_T6, Subgroup 21,0,0
no UV,T6,Nylon,Nylon_no UV_T6, Nitriliruptoria,0,0
no UV,T6,Nylon,Nylon_no UV_T6, Thermoplasmata,0,0
no UV,T6,Nylon,Nylon_no UV_T6, Subgroup 17,0,0
no UV,T6,Nylon,Nylon_no UV_T6, Ignavibacteria,0,0
no UV,T6,Nylon,Nylon_no UV_T6, Cloacimonadia,0,0
no UV,T6,Nylon,Nylon_no UV_T6, Lineage IIb,0,0
no UV,T6,Nylon,Nylon_no UV_T6, Erysipelotrichia,0,0
no UV,T6,Nylon,Nylon_no UV_T6, SPG12-343-353-B69,0,0
no UV,T6,Nylon,Nylon_no UV_T6, Microgenomatia,0,0
no UV,T6,Nylon,Nylon_no UV_T6, LD1-PA32,0,0
no UV,T6,Nylon,Nylon_no UV_T6, Babeliae,0,0
no UV,T6,Nylon,Nylon_no UV_T6, d142,0,0
no UV,T6,Nylon,Nylon_no UV_T6, Magnetococcia,0,0
no UV,T6,Nylon,Nylon_no UV_T6, WCHB1-81,0,0
no UV,T6,Nylon,Nylon_no UV_T6, ABY1,0,0
no UV,T1,PS,PS_no UV_T1, Rhodothermia,0,0
no UV,T1,PS,PS_no UV_T1, BD7-11,0,0
no UV,T1,PS,PS_no UV_T1, BD2-11 terrestrial group,0,0
no UV,T1,PS,PS_no UV_T1, Fibrobacteria,0,0
no UV,T1,PS,PS_no UV_T1, Negativicutes,0,0
no UV,T1,PS,PS_no UV_T1, OM190,0,0
no UV,T1,PS,PS_no UV_T1, Saccharimonadia,0,0
no UV,T1,PS,PS_no UV_T1, Parcubacteria,0,0
no UV,T1,PS,PS_no UV_T1, Kiritimatiellae,0,0
no UV,T1,PS,PS_no UV_T1, JG30-KF-CM66,0,0
no UV,T1,PS,PS_no UV_T1, vadinHA49,0,0
no UV,T1,PS,PS_no UV_T1, Thermoanaerobaculia,0,0
no UV,T1,PS,PS_no UV_T1, Anaerolineae,0,0
no UV,T1,PS,PS_no UV_T1, Leptospirae,0,0
no UV,T1,PS,PS_no UV_T1, Subgroup 26,0,0
no UV,T1,PS,PS_no UV_T1, Subgroup 6,0,0
no UV,T1,PS,PS_no UV_T1, Calditrichia,0,0
no UV,T1,PS,PS_no UV_T1, Melainabacteria,0,0
no UV,T1,PS,PS_no UV_T1, Ktedonobacteria,0,0
no UV,T1,PS,PS_no UV_T1, Woesearchaeia,0,0
no UV,T1,PS,PS_no UV_T1, Pla3 lineage,0,0
no UV,T1,PS,PS_no UV_T1, Coriobacteriia,0,0
no UV,T1,PS,PS_no UV_T1, Hydrogenedentia,0,0
no UV,T1,PS,PS_no UV_T1, Pla4 lineage,0,0
no UV,T1,PS,PS_no UV_T1, Dadabacteriia,0,0
no UV,T1,PS,PS_no UV_T1, 028H05-P-BN-P5,0,0
no UV,T1,PS,PS_no UV_T1, Chlamydiae,0,0
no UV,T1,PS,PS_no UV_T1, Latescibacteria,0,0
no UV,T1,PS,PS_no UV_T1, Gemmatimonadetes,0,0
no UV,T1,PS,PS_no UV_T1, Acidobacteriia,0,0
no UV,T1,PS,PS_no UV_T1, Subgroup 22,0,0
no UV,T1,PS,PS_no UV_T1, Thermoleophilia,0,0
no UV,T1,PS,PS_no UV_T1, PAUC43f marine benthic group,0,0
no UV,T1,PS,PS_no UV_T1, Spirochaetia,0,0
no UV,T1,PS,PS_no UV_T1, Omnitrophia,0,0
no UV,T1,PS,PS_no UV_T1, Holophagae,0,0
no UV,T1,PS,PS_no UV_T1, Nitrospira,0,0
no UV,T1,PS,PS_no UV_T1, Campylobacteria,0,0
no UV,T1,PS,PS_no UV_T1, Subgroup 9,0,0
no UV,T1,PS,PS_no UV_T1, AT-s3-28,0,0
no UV,T1,PS,PS_no UV_T1, Mollicutes,0,0
no UV,T1,PS,PS_no UV_T1, Sericytochromatia,0,0
no UV,T1,PS,PS_no UV_T1, Brocadiae,0,0
no UV,T1,PS,PS_no UV_T1, Elusimicrobia,0,0
no UV,T1,PS,PS_no UV_T1, Subgroup 21,0,0
no UV,T1,PS,PS_no UV_T1, Nitriliruptoria,0,0
no UV,T1,PS,PS_no UV_T1, Thermoplasmata,0,0
no UV,T1,PS,PS_no UV_T1, Subgroup 17,0,0
no UV,T1,PS,PS_no UV_T1, Ignavibacteria,0,0
no UV,T1,PS,PS_no UV_T1, Cloacimonadia,0,0
no UV,T1,PS,PS_no UV_T1, Lineage IIb,0,0
no UV,T1,PS,PS_no UV_T1, Erysipelotrichia,0,0
no UV,T1,PS,PS_no UV_T1, SPG12-343-353-B69,0,0
no UV,T1,PS,PS_no UV_T1, Microgenomatia,0,0
no UV,T1,PS,PS_no UV_T1, LD1-PA32,0,0
no UV,T1,PS,PS_no UV_T1, Babeliae,0,0
no UV,T1,PS,PS_no UV_T1, d142,0,0
no UV,T1,PS,PS_no UV_T1, Magnetococcia,0,0
no UV,T1,PS,PS_no UV_T1, WCHB1-81,0,0
no UV,T1,PS,PS_no UV_T1, ABY1,0,0
UV,T1,PP,PP_UV_T1, Rhodothermia,0,0
UV,T1,PP,PP_UV_T1, BD7-11,0,0
UV,T1,PP,PP_UV_T1, BD2-11 terrestrial group,0,0
UV,T1,PP,PP_UV_T1, Fibrobacteria,0,0
UV,T1,PP,PP_UV_T1, Oligosphaeria,0,0
UV,T1,PP,PP_UV_T1, Saccharimonadia,0,0
UV,T1,PP,PP_UV_T1, Deinococci,0,0
UV,T1,PP,PP_UV_T1, Kiritimatiellae,0,0
UV,T1,PP,PP_UV_T1, JG30-KF-CM66,0,0
UV,T1,PP,PP_UV_T1, vadinHA49,0,0
UV,T1,PP,PP_UV_T1, Thermoanaerobaculia,0,0
UV,T1,PP,PP_UV_T1, Lentisphaeria,0,0
UV,T1,PP,PP_UV_T1, Fusobacteriia,0,0
UV,T1,PP,PP_UV_T1, Leptospirae,0,0
UV,T1,PP,PP_UV_T1, Subgroup 26,0,0
UV,T1,PP,PP_UV_T1, Subgroup 6,0,0
UV,T1,PP,PP_UV_T1, Calditrichia,0,0
UV,T1,PP,PP_UV_T1, Nitrososphaeria,0,0
UV,T1,PP,PP_UV_T1, Ktedonobacteria,0,0
UV,T1,PP,PP_UV_T1, Woesearchaeia,0,0
UV,T1,PP,PP_UV_T1, Pla3 lineage,0,0
UV,T1,PP,PP_UV_T1, Hydrogenedentia,0,0
UV,T1,PP,PP_UV_T1, Pla4 lineage,0,0
UV,T1,PP,PP_UV_T1, Dadabacteriia,0,0
UV,T1,PP,PP_UV_T1, Chloroflexia,0,0
UV,T1,PP,PP_UV_T1, 028H05-P-BN-P5,0,0
UV,T1,PP,PP_UV_T1, Chlamydiae,0,0
UV,T1,PP,PP_UV_T1, Latescibacteria,0,0
UV,T1,PP,PP_UV_T1, Gemmatimonadetes,0,0
UV,T1,PP,PP_UV_T1, Acidobacteriia,0,0
UV,T1,PP,PP_UV_T1, Subgroup 22,0,0
UV,T1,PP,PP_UV_T1, KD4-96,0,0
UV,T1,PP,PP_UV_T1, Thermoleophilia,0,0
UV,T1,PP,PP_UV_T1, PAUC43f marine benthic group,0,0
UV,T1,PP,PP_UV_T1, Spirochaetia,0,0
UV,T1,PP,PP_UV_T1, Omnitrophia,0,0
UV,T1,PP,PP_UV_T1, Holophagae,0,0
UV,T1,PP,PP_UV_T1, Nitrospira,0,0
UV,T1,PP,PP_UV_T1, MB-A2-108,0,0
UV,T1,PP,PP_UV_T1, Subgroup 9,0,0
UV,T1,PP,PP_UV_T1, AT-s3-28,0,0
UV,T1,PP,PP_UV_T1, Mollicutes,0,0
UV,T1,PP,PP_UV_T1, Sericytochromatia,0,0
UV,T1,PP,PP_UV_T1, Elusimicrobia,0,0
UV,T1,PP,PP_UV_T1, Subgroup 21,0,0
UV,T1,PP,PP_UV_T1, Nitriliruptoria,0,0
UV,T1,PP,PP_UV_T1, Thermoplasmata,0,0
UV,T1,PP,PP_UV_T1, Subgroup 17,0,0
UV,T1,PP,PP_UV_T1, Ignavibacteria,0,0
UV,T1,PP,PP_UV_T1, Cloacimonadia,0,0
UV,T1,PP,PP_UV_T1, Lineage IIb,0,0
UV,T1,PP,PP_UV_T1, Erysipelotrichia,0,0
UV,T1,PP,PP_UV_T1, SPG12-343-353-B69,0,0
UV,T1,PP,PP_UV_T1, Microgenomatia,0,0
UV,T1,PP,PP_UV_T1, LD1-PA32,0,0
UV,T1,PP,PP_UV_T1, Babeliae,0,0
UV,T1,PP,PP_UV_T1, d142,0,0
UV,T1,PP,PP_UV_T1, Magnetococcia,0,0
UV,T1,PP,PP_UV_T1, WCHB1-81,0,0
UV,T1,PP,PP_UV_T1, ABY1,0,0
no UV,T1,Nylon,Nylon_no UV_T1, Phycisphaerae,0,0
no UV,T1,Nylon,Nylon_no UV_T1, Rhodothermia,0,0
no UV,T1,Nylon,Nylon_no UV_T1, Acidimicrobiia,0,0
no UV,T1,Nylon,Nylon_no UV_T1, Planctomycetacia,0,0
no UV,T1,Nylon,Nylon_no UV_T1, BD7-11,0,0
no UV,T1,Nylon,Nylon_no UV_T1, BD2-11 terrestrial group,0,0
no UV,T1,Nylon,Nylon_no UV_T1, Fibrobacteria,0,0
no UV,T1,Nylon,Nylon_no UV_T1, Oligosphaeria,0,0
no UV,T1,Nylon,Nylon_no UV_T1, Negativicutes,0,0
no UV,T1,Nylon,Nylon_no UV_T1, OM190,0,0
no UV,T1,Nylon,Nylon_no UV_T1, Saccharimonadia,0,0
no UV,T1,Nylon,Nylon_no UV_T1, Deinococci,0,0
no UV,T1,Nylon,Nylon_no UV_T1, Parcubacteria,0,0
no UV,T1,Nylon,Nylon_no UV_T1, Kiritimatiellae,0,0
no UV,T1,Nylon,Nylon_no UV_T1, JG30-KF-CM66,0,0
no UV,T1,Nylon,Nylon_no UV_T1, vadinHA49,0,0
no UV,T1,Nylon,Nylon_no UV_T1, Thermoanaerobaculia,0,0
no UV,T1,Nylon,Nylon_no UV_T1, Lentisphaeria,0,0
no UV,T1,Nylon,Nylon_no UV_T1, Anaerolineae,0,0
no UV,T1,Nylon,Nylon_no UV_T1, Fusobacteriia,0,0
no UV,T1,Nylon,Nylon_no UV_T1, Leptospirae,0,0
no UV,T1,Nylon,Nylon_no UV_T1, Subgroup 26,0,0
no UV,T1,Nylon,Nylon_no UV_T1, Subgroup 6,0,0
no UV,T1,Nylon,Nylon_no UV_T1, Calditrichia,0,0
no UV,T1,Nylon,Nylon_no UV_T1, Nitrososphaeria,0,0
no UV,T1,Nylon,Nylon_no UV_T1, Ktedonobacteria,0,0
no UV,T1,Nylon,Nylon_no UV_T1, Woesearchaeia,0,0
no UV,T1,Nylon,Nylon_no UV_T1, Pla3 lineage,0,0
no UV,T1,Nylon,Nylon_no UV_T1, Hydrogenedentia,0,0
no UV,T1,Nylon,Nylon_no UV_T1, Pla4 lineage,0,0
no UV,T1,Nylon,Nylon_no UV_T1, Dadabacteriia,0,0
no UV,T1,Nylon,Nylon_no UV_T1, Chloroflexia,0,0
no UV,T1,Nylon,Nylon_no UV_T1, Gracilibacteria,0,0
no UV,T1,Nylon,Nylon_no UV_T1, 028H05-P-BN-P5,0,0
no UV,T1,Nylon,Nylon_no UV_T1, Latescibacteria,0,0
no UV,T1,Nylon,Nylon_no UV_T1, Acidobacteriia,0,0
no UV,T1,Nylon,Nylon_no UV_T1, Subgroup 22,0,0
no UV,T1,Nylon,Nylon_no UV_T1, KD4-96,0,0
no UV,T1,Nylon,Nylon_no UV_T1, Thermoleophilia,0,0
no UV,T1,Nylon,Nylon_no UV_T1, PAUC43f marine benthic group,0,0
no UV,T1,Nylon,Nylon_no UV_T1, Spirochaetia,0,0
no UV,T1,Nylon,Nylon_no UV_T1, Omnitrophia,0,0
no UV,T1,Nylon,Nylon_no UV_T1, Holophagae,0,0
no UV,T1,Nylon,Nylon_no UV_T1, Nitrospira,0,0
no UV,T1,Nylon,Nylon_no UV_T1, Campylobacteria,0,0
no UV,T1,Nylon,Nylon_no UV_T1, MB-A2-108,0,0
no UV,T1,Nylon,Nylon_no UV_T1, Subgroup 9,0,0
no UV,T1,Nylon,Nylon_no UV_T1, AT-s3-28,0,0
no UV,T1,Nylon,Nylon_no UV_T1, Mollicutes,0,0
no UV,T1,Nylon,Nylon_no UV_T1, Sericytochromatia,0,0
no UV,T1,Nylon,Nylon_no UV_T1, Brocadiae,0,0
no UV,T1,Nylon,Nylon_no UV_T1, Elusimicrobia,0,0
no UV,T1,Nylon,Nylon_no UV_T1, Subgroup 21,0,0
no UV,T1,Nylon,Nylon_no UV_T1, Nitriliruptoria,0,0
no UV,T1,Nylon,Nylon_no UV_T1, Thermoplasmata,0,0
no UV,T1,Nylon,Nylon_no UV_T1, Subgroup 17,0,0
no UV,T1,Nylon,Nylon_no UV_T1, Ignavibacteria,0,0
no UV,T1,Nylon,Nylon_no UV_T1, Cloacimonadia,0,0
no UV,T1,Nylon,Nylon_no UV_T1, Lineage IIb,0,0
no UV,T1,Nylon,Nylon_no UV_T1, Erysipelotrichia,0,0
no UV,T1,Nylon,Nylon_no UV_T1, SPG12-343-353-B69,0,0
no UV,T1,Nylon,Nylon_no UV_T1, Microgenomatia,0,0
no UV,T1,Nylon,Nylon_no UV_T1, LD1-PA32,0,0
no UV,T1,Nylon,Nylon_no UV_T1, d142,0,0
no UV,T1,Nylon,Nylon_no UV_T1, Magnetococcia,0,0
no UV,T1,Nylon,Nylon_no UV_T1, WCHB1-81,0,0
no UV,T1,Nylon,Nylon_no UV_T1, ABY1,0,0
UV,T6,PET,PET_UV_T6, BD2-11 terrestrial group,0,0
UV,T6,PET,PET_UV_T6, Fibrobacteria,0,0
UV,T6,PET,PET_UV_T6, Negativicutes,0,0
UV,T6,PET,PET_UV_T6, Saccharimonadia,0,0
UV,T6,PET,PET_UV_T6, Deinococci,0,0
UV,T6,PET,PET_UV_T6, JG30-KF-CM66,0,0
UV,T6,PET,PET_UV_T6, Blastocatellia (Subgroup 4),0,0
UV,T6,PET,PET_UV_T6, Leptospirae,0,0
UV,T6,PET,PET_UV_T6, Subgroup 6,0,0
UV,T6,PET,PET_UV_T6, Calditrichia,0,0
UV,T6,PET,PET_UV_T6, Nitrososphaeria,0,0
UV,T6,PET,PET_UV_T6, Ktedonobacteria,0,0
UV,T6,PET,PET_UV_T6, Woesearchaeia,0,0
UV,T6,PET,PET_UV_T6, Pla3 lineage,0,0
UV,T6,PET,PET_UV_T6, Coriobacteriia,0,0
UV,T6,PET,PET_UV_T6, Hydrogenedentia,0,0
UV,T6,PET,PET_UV_T6, Chloroflexia,0,0
UV,T6,PET,PET_UV_T6, 028H05-P-BN-P5,0,0
UV,T6,PET,PET_UV_T6, Chlamydiae,0,0
UV,T6,PET,PET_UV_T6, Latescibacteria,0,0
UV,T6,PET,PET_UV_T6, Gemmatimonadetes,0,0
UV,T6,PET,PET_UV_T6, Acidobacteriia,0,0
UV,T6,PET,PET_UV_T6, Thermoleophilia,0,0
UV,T6,PET,PET_UV_T6, Omnitrophia,0,0
UV,T6,PET,PET_UV_T6, Nitrospira,0,0
UV,T6,PET,PET_UV_T6, Campylobacteria,0,0
UV,T6,PET,PET_UV_T6, MB-A2-108,0,0
UV,T6,PET,PET_UV_T6, Subgroup 9,0,0
UV,T6,PET,PET_UV_T6, AT-s3-28,0,0
UV,T6,PET,PET_UV_T6, Mollicutes,0,0
UV,T6,PET,PET_UV_T6, Sericytochromatia,0,0
UV,T6,PET,PET_UV_T6, Brocadiae,0,0
UV,T6,PET,PET_UV_T6, Elusimicrobia,0,0
UV,T6,PET,PET_UV_T6, Nitriliruptoria,0,0
UV,T6,PET,PET_UV_T6, Thermoplasmata,0,0
UV,T6,PET,PET_UV_T6, Subgroup 17,0,0
UV,T6,PET,PET_UV_T6, Ignavibacteria,0,0
UV,T6,PET,PET_UV_T6, Cloacimonadia,0,0
UV,T6,PET,PET_UV_T6, Lineage IIb,0,0
UV,T6,PET,PET_UV_T6, Erysipelotrichia,0,0
UV,T6,PET,PET_UV_T6, SPG12-343-353-B69,0,0
UV,T6,PET,PET_UV_T6, Microgenomatia,0,0
UV,T6,PET,PET_UV_T6, LD1-PA32,0,0
UV,T6,PET,PET_UV_T6, Babeliae,0,0
UV,T6,PET,PET_UV_T6, d142,0,0
UV,T6,PET,PET_UV_T6, Magnetococcia,0,0
UV,T6,PET,PET_UV_T6, WCHB1-81,0,0
no UV,T1,PE,PE_no UV_T1, Planctomycetacia,0,0
no UV,T1,PE,PE_no UV_T1, BD7-11,0,0
no UV,T1,PE,PE_no UV_T1, Fibrobacteria,0,0
no UV,T1,PE,PE_no UV_T1, Oligosphaeria,0,0
no UV,T1,PE,PE_no UV_T1, Saccharimonadia,0,0
no UV,T1,PE,PE_no UV_T1, Kiritimatiellae,0,0
no UV,T1,PE,PE_no UV_T1, vadinHA49,0,0
no UV,T1,PE,PE_no UV_T1, Fusobacteriia,0,0
no UV,T1,PE,PE_no UV_T1, Leptospirae,0,0
no UV,T1,PE,PE_no UV_T1, Subgroup 26,0,0
no UV,T1,PE,PE_no UV_T1, Subgroup 6,0,0
no UV,T1,PE,PE_no UV_T1, Calditrichia,0,0
no UV,T1,PE,PE_no UV_T1, Ktedonobacteria,0,0
no UV,T1,PE,PE_no UV_T1, Woesearchaeia,0,0
no UV,T1,PE,PE_no UV_T1, Pla3 lineage,0,0
no UV,T1,PE,PE_no UV_T1, Coriobacteriia,0,0
no UV,T1,PE,PE_no UV_T1, Hydrogenedentia,0,0
no UV,T1,PE,PE_no UV_T1, Pla4 lineage,0,0
no UV,T1,PE,PE_no UV_T1, Dadabacteriia,0,0
no UV,T1,PE,PE_no UV_T1, Chloroflexia,0,0
no UV,T1,PE,PE_no UV_T1, Gracilibacteria,0,0
no UV,T1,PE,PE_no UV_T1, 028H05-P-BN-P5,0,0
no UV,T1,PE,PE_no UV_T1, Latescibacteria,0,0
no UV,T1,PE,PE_no UV_T1, Gemmatimonadetes,0,0
no UV,T1,PE,PE_no UV_T1, Acidobacteriia,0,0
no UV,T1,PE,PE_no UV_T1, Subgroup 22,0,0
no UV,T1,PE,PE_no UV_T1, Thermoleophilia,0,0
no UV,T1,PE,PE_no UV_T1, Spirochaetia,0,0
no UV,T1,PE,PE_no UV_T1, Omnitrophia,0,0
no UV,T1,PE,PE_no UV_T1, Holophagae,0,0
no UV,T1,PE,PE_no UV_T1, Nitrospira,0,0
no UV,T1,PE,PE_no UV_T1, Campylobacteria,0,0
no UV,T1,PE,PE_no UV_T1, MB-A2-108,0,0
no UV,T1,PE,PE_no UV_T1, Subgroup 9,0,0
no UV,T1,PE,PE_no UV_T1, AT-s3-28,0,0
no UV,T1,PE,PE_no UV_T1, Mollicutes,0,0
no UV,T1,PE,PE_no UV_T1, Sericytochromatia,0,0
no UV,T1,PE,PE_no UV_T1, Brocadiae,0,0
no UV,T1,PE,PE_no UV_T1, Elusimicrobia,0,0
no UV,T1,PE,PE_no UV_T1, Subgroup 21,0,0
no UV,T1,PE,PE_no UV_T1, Nitriliruptoria,0,0
no UV,T1,PE,PE_no UV_T1, Thermoplasmata,0,0
no UV,T1,PE,PE_no UV_T1, Subgroup 17,0,0
no UV,T1,PE,PE_no UV_T1, Cloacimonadia,0,0
no UV,T1,PE,PE_no UV_T1, Lineage IIb,0,0
no UV,T1,PE,PE_no UV_T1, Erysipelotrichia,0,0
no UV,T1,PE,PE_no UV_T1, SPG12-343-353-B69,0,0
no UV,T1,PE,PE_no UV_T1, Microgenomatia,0,0
no UV,T1,PE,PE_no UV_T1, LD1-PA32,0,0
no UV,T1,PE,PE_no UV_T1, Babeliae,0,0
no UV,T1,PE,PE_no UV_T1, d142,0,0
no UV,T1,PE,PE_no UV_T1, Magnetococcia,0,0
no UV,T1,PE,PE_no UV_T1, WCHB1-81,0,0
no UV,T1,PE,PE_no UV_T1, ABY1,0,0
no UV,T1,PP,PP_no UV_T1, BD7-11,0,0
no UV,T1,PP,PP_no UV_T1, Oligosphaeria,0,0
no UV,T1,PP,PP_no UV_T1, Saccharimonadia,0,0
no UV,T1,PP,PP_no UV_T1, Deinococci,0,0
no UV,T1,PP,PP_no UV_T1, Parcubacteria,0,0
no UV,T1,PP,PP_no UV_T1, JG30-KF-CM66,0,0
no UV,T1,PP,PP_no UV_T1, Leptospirae,0,0
no UV,T1,PP,PP_no UV_T1, Subgroup 26,0,0
no UV,T1,PP,PP_no UV_T1, Subgroup 6,0,0
no UV,T1,PP,PP_no UV_T1, Calditrichia,0,0
no UV,T1,PP,PP_no UV_T1, Nitrososphaeria,0,0
no UV,T1,PP,PP_no UV_T1, Melainabacteria,0,0
no UV,T1,PP,PP_no UV_T1, Ktedonobacteria,0,0
no UV,T1,PP,PP_no UV_T1, Pla3 lineage,0,0
no UV,T1,PP,PP_no UV_T1, Coriobacteriia,0,0
no UV,T1,PP,PP_no UV_T1, Hydrogenedentia,0,0
no UV,T1,PP,PP_no UV_T1, Dadabacteriia,0,0
no UV,T1,PP,PP_no UV_T1, Chloroflexia,0,0
no UV,T1,PP,PP_no UV_T1, 028H05-P-BN-P5,0,0
no UV,T1,PP,PP_no UV_T1, Chlamydiae,0,0
no UV,T1,PP,PP_no UV_T1, Latescibacteria,0,0
no UV,T1,PP,PP_no UV_T1, Gemmatimonadetes,0,0
no UV,T1,PP,PP_no UV_T1, Acidobacteriia,0,0
no UV,T1,PP,PP_no UV_T1, Thermoleophilia,0,0
no UV,T1,PP,PP_no UV_T1, PAUC43f marine benthic group,0,0
no UV,T1,PP,PP_no UV_T1, Omnitrophia,0,0
no UV,T1,PP,PP_no UV_T1, Holophagae,0,0
no UV,T1,PP,PP_no UV_T1, Nitrospira,0,0
no UV,T1,PP,PP_no UV_T1, Campylobacteria,0,0
no UV,T1,PP,PP_no UV_T1, Subgroup 9,0,0
no UV,T1,PP,PP_no UV_T1, AT-s3-28,0,0
no UV,T1,PP,PP_no UV_T1, Mollicutes,0,0
no UV,T1,PP,PP_no UV_T1, Sericytochromatia,0,0
no UV,T1,PP,PP_no UV_T1, Brocadiae,0,0
no UV,T1,PP,PP_no UV_T1, Elusimicrobia,0,0
no UV,T1,PP,PP_no UV_T1, Subgroup 21,0,0
no UV,T1,PP,PP_no UV_T1, Nitriliruptoria,0,0
no UV,T1,PP,PP_no UV_T1, Thermoplasmata,0,0
no UV,T1,PP,PP_no UV_T1, Subgroup 17,0,0
no UV,T1,PP,PP_no UV_T1, Ignavibacteria,0,0
no UV,T1,PP,PP_no UV_T1, Cloacimonadia,0,0
no UV,T1,PP,PP_no UV_T1, Lineage IIb,0,0
no UV,T1,PP,PP_no UV_T1, SPG12-343-353-B69,0,0
no UV,T1,PP,PP_no UV_T1, Microgenomatia,0,0
no UV,T1,PP,PP_no UV_T1, LD1-PA32,0,0
no UV,T1,PP,PP_no UV_T1, Babeliae,0,0
no UV,T1,PP,PP_no UV_T1, d142,0,0
no UV,T1,PP,PP_no UV_T1, Magnetococcia,0,0
no UV,T1,PP,PP_no UV_T1, WCHB1-81,0,0
no UV,T1,PP,PP_no UV_T1, ABY1,0,0
UV,T1,PET,PET_UV_T1, Phycisphaerae,0,0
UV,T1,PET,PET_UV_T1, Rhodothermia,0,0
UV,T1,PET,PET_UV_T1, BD7-11,0,0
UV,T1,PET,PET_UV_T1, BD2-11 terrestrial group,0,0
UV,T1,PET,PET_UV_T1, Fibrobacteria,0,0
UV,T1,PET,PET_UV_T1, Oligosphaeria,0,0
UV,T1,PET,PET_UV_T1, OM190,0,0
UV,T1,PET,PET_UV_T1, Saccharimonadia,0,0
UV,T1,PET,PET_UV_T1, Deinococci,0,0
UV,T1,PET,PET_UV_T1, Parcubacteria,0,0
UV,T1,PET,PET_UV_T1, JG30-KF-CM66,0,0
UV,T1,PET,PET_UV_T1, vadinHA49,0,0
UV,T1,PET,PET_UV_T1, Thermoanaerobaculia,0,0
UV,T1,PET,PET_UV_T1, Blastocatellia (Subgroup 4),0,0
UV,T1,PET,PET_UV_T1, Anaerolineae,0,0
UV,T1,PET,PET_UV_T1, Subgroup 26,0,0
UV,T1,PET,PET_UV_T1, Subgroup 6,0,0
UV,T1,PET,PET_UV_T1, Calditrichia,0,0
UV,T1,PET,PET_UV_T1, Nitrososphaeria,0,0
UV,T1,PET,PET_UV_T1, Melainabacteria,0,0
UV,T1,PET,PET_UV_T1, Ktedonobacteria,0,0
UV,T1,PET,PET_UV_T1, Woesearchaeia,0,0
UV,T1,PET,PET_UV_T1, Pla3 lineage,0,0
UV,T1,PET,PET_UV_T1, Hydrogenedentia,0,0
UV,T1,PET,PET_UV_T1, Pla4 lineage,0,0
UV,T1,PET,PET_UV_T1, Dadabacteriia,0,0
UV,T1,PET,PET_UV_T1, Chloroflexia,0,0
UV,T1,PET,PET_UV_T1, Gracilibacteria,0,0
UV,T1,PET,PET_UV_T1, 028H05-P-BN-P5,0,0
UV,T1,PET,PET_UV_T1, Chlamydiae,0,0
UV,T1,PET,PET_UV_T1, Latescibacteria,0,0
UV,T1,PET,PET_UV_T1, Gemmatimonadetes,0,0
UV,T1,PET,PET_UV_T1, Acidobacteriia,0,0
UV,T1,PET,PET_UV_T1, Subgroup 22,0,0
UV,T1,PET,PET_UV_T1, KD4-96,0,0
UV,T1,PET,PET_UV_T1, Thermoleophilia,0,0
UV,T1,PET,PET_UV_T1, PAUC43f marine benthic group,0,0
UV,T1,PET,PET_UV_T1, Spirochaetia,0,0
UV,T1,PET,PET_UV_T1, Omnitrophia,0,0
UV,T1,PET,PET_UV_T1, Holophagae,0,0
UV,T1,PET,PET_UV_T1, Nitrospira,0,0
UV,T1,PET,PET_UV_T1, MB-A2-108,0,0
UV,T1,PET,PET_UV_T1, Subgroup 9,0,0
UV,T1,PET,PET_UV_T1, AT-s3-28,0,0
UV,T1,PET,PET_UV_T1, Mollicutes,0,0
UV,T1,PET,PET_UV_T1, Sericytochromatia,0,0
UV,T1,PET,PET_UV_T1, Brocadiae,0,0
UV,T1,PET,PET_UV_T1, Elusimicrobia,0,0
UV,T1,PET,PET_UV_T1, Subgroup 21,0,0
UV,T1,PET,PET_UV_T1, Nitriliruptoria,0,0
UV,T1,PET,PET_UV_T1, Thermoplasmata,0,0
UV,T1,PET,PET_UV_T1, Subgroup 17,0,0
UV,T1,PET,PET_UV_T1, Ignavibacteria,0,0
UV,T1,PET,PET_UV_T1, Cloacimonadia,0,0
UV,T1,PET,PET_UV_T1, Lineage IIb,0,0
UV,T1,PET,PET_UV_T1, SPG12-343-353-B69,0,0
UV,T1,PET,PET_UV_T1, Microgenomatia,0,0
UV,T1,PET,PET_UV_T1, LD1-PA32,0,0
UV,T1,PET,PET_UV_T1, Babeliae,0,0
UV,T1,PET,PET_UV_T1, d142,0,0
UV,T1,PET,PET_UV_T1, Magnetococcia,0,0
UV,T1,PET,PET_UV_T1, WCHB1-81,0,0
UV,T1,PET,PET_UV_T1, ABY1,0,0
UV,T1,PE,PE_UV_T1, Rhodothermia,0,0
UV,T1,PE,PE_UV_T1, BD7-11,0,0
UV,T1,PE,PE_UV_T1, BD2-11 terrestrial group,0,0
UV,T1,PE,PE_UV_T1, Fibrobacteria,0,0
UV,T1,PE,PE_UV_T1, Oligosphaeria,0,0
UV,T1,PE,PE_UV_T1, Saccharimonadia,0,0
UV,T1,PE,PE_UV_T1, Parcubacteria,0,0
UV,T1,PE,PE_UV_T1, Kiritimatiellae,0,0
UV,T1,PE,PE_UV_T1, JG30-KF-CM66,0,0
UV,T1,PE,PE_UV_T1, vadinHA49,0,0
UV,T1,PE,PE_UV_T1, Lentisphaeria,0,0
UV,T1,PE,PE_UV_T1, Blastocatellia (Subgroup 4),0,0
UV,T1,PE,PE_UV_T1, Fusobacteriia,0,0
UV,T1,PE,PE_UV_T1, Leptospirae,0,0
UV,T1,PE,PE_UV_T1, Subgroup 26,0,0
UV,T1,PE,PE_UV_T1, Subgroup 6,0,0
UV,T1,PE,PE_UV_T1, Calditrichia,0,0
UV,T1,PE,PE_UV_T1, Nitrososphaeria,0,0
UV,T1,PE,PE_UV_T1, Woesearchaeia,0,0
UV,T1,PE,PE_UV_T1, Pla3 lineage,0,0
UV,T1,PE,PE_UV_T1, Coriobacteriia,0,0
UV,T1,PE,PE_UV_T1, Hydrogenedentia,0,0
UV,T1,PE,PE_UV_T1, Pla4 lineage,0,0
UV,T1,PE,PE_UV_T1, Dadabacteriia,0,0
UV,T1,PE,PE_UV_T1, Chloroflexia,0,0
UV,T1,PE,PE_UV_T1, Gracilibacteria,0,0
UV,T1,PE,PE_UV_T1, 028H05-P-BN-P5,0,0
UV,T1,PE,PE_UV_T1, Chlamydiae,0,0
UV,T1,PE,PE_UV_T1, Latescibacteria,0,0
UV,T1,PE,PE_UV_T1, Gemmatimonadetes,0,0
UV,T1,PE,PE_UV_T1, Acidobacteriia,0,0
UV,T1,PE,PE_UV_T1, Subgroup 22,0,0
UV,T1,PE,PE_UV_T1, Thermoleophilia,0,0
UV,T1,PE,PE_UV_T1, PAUC43f marine benthic group,0,0
UV,T1,PE,PE_UV_T1, Spirochaetia,0,0
UV,T1,PE,PE_UV_T1, Holophagae,0,0
UV,T1,PE,PE_UV_T1, Nitrospira,0,0
UV,T1,PE,PE_UV_T1, Campylobacteria,0,0
UV,T1,PE,PE_UV_T1, MB-A2-108,0,0
UV,T1,PE,PE_UV_T1, Subgroup 9,0,0
UV,T1,PE,PE_UV_T1, AT-s3-28,0,0
UV,T1,PE,PE_UV_T1, Mollicutes,0,0
UV,T1,PE,PE_UV_T1, Sericytochromatia,0,0
UV,T1,PE,PE_UV_T1, Brocadiae,0,0
UV,T1,PE,PE_UV_T1, Elusimicrobia,0,0
UV,T1,PE,PE_UV_T1, Subgroup 21,0,0
UV,T1,PE,PE_UV_T1, Nitriliruptoria,0,0
UV,T1,PE,PE_UV_T1, Thermoplasmata,0,0
UV,T1,PE,PE_UV_T1, Subgroup 17,0,0
UV,T1,PE,PE_UV_T1, Ignavibacteria,0,0
UV,T1,PE,PE_UV_T1, Cloacimonadia,0,0
UV,T1,PE,PE_UV_T1, Lineage IIb,0,0
UV,T1,PE,PE_UV_T1, Erysipelotrichia,0,0
UV,T1,PE,PE_UV_T1, SPG12-343-353-B69,0,0
UV,T1,PE,PE_UV_T1, Microgenomatia,0,0
UV,T1,PE,PE_UV_T1, LD1-PA32,0,0
UV,T1,PE,PE_UV_T1, Babeliae,0,0
UV,T1,PE,PE_UV_T1, d142,0,0
UV,T1,PE,PE_UV_T1, Magnetococcia,0,0
UV,T1,PE,PE_UV_T1, WCHB1-81,0,0
UV,T1,PE,PE_UV_T1, ABY1,0,0
UV,T1,Nylon,Nylon_UV_T1, Oxyphotobacteria,0,0
UV,T1,Nylon,Nylon_UV_T1, Phycisphaerae,0,0
UV,T1,Nylon,Nylon_UV_T1, Rhodothermia,0,0
UV,T1,Nylon,Nylon_UV_T1, BD7-11,0,0
UV,T1,Nylon,Nylon_UV_T1, BD2-11 terrestrial group,0,0
UV,T1,Nylon,Nylon_UV_T1, Fibrobacteria,0,0
UV,T1,Nylon,Nylon_UV_T1, Oligosphaeria,0,0
UV,T1,Nylon,Nylon_UV_T1, Negativicutes,0,0
UV,T1,Nylon,Nylon_UV_T1, Saccharimonadia,0,0
UV,T1,Nylon,Nylon_UV_T1, Parcubacteria,0,0
UV,T1,Nylon,Nylon_UV_T1, Kiritimatiellae,0,0
UV,T1,Nylon,Nylon_UV_T1, JG30-KF-CM66,0,0
UV,T1,Nylon,Nylon_UV_T1, vadinHA49,0,0
UV,T1,Nylon,Nylon_UV_T1, Thermoanaerobaculia,0,0
UV,T1,Nylon,Nylon_UV_T1, Lentisphaeria,0,0
UV,T1,Nylon,Nylon_UV_T1, Blastocatellia (Subgroup 4),0,0
UV,T1,Nylon,Nylon_UV_T1, Fusobacteriia,0,0
UV,T1,Nylon,Nylon_UV_T1, Leptospirae,0,0
UV,T1,Nylon,Nylon_UV_T1, Subgroup 26,0,0
UV,T1,Nylon,Nylon_UV_T1, Subgroup 6,0,0
UV,T1,Nylon,Nylon_UV_T1, Calditrichia,0,0
UV,T1,Nylon,Nylon_UV_T1, Nitrososphaeria,0,0
UV,T1,Nylon,Nylon_UV_T1, Ktedonobacteria,0,0
UV,T1,Nylon,Nylon_UV_T1, Woesearchaeia,0,0
UV,T1,Nylon,Nylon_UV_T1, Pla3 lineage,0,0
UV,T1,Nylon,Nylon_UV_T1, Coriobacteriia,0,0
UV,T1,Nylon,Nylon_UV_T1, Hydrogenedentia,0,0
UV,T1,Nylon,Nylon_UV_T1, Pla4 lineage,0,0
UV,T1,Nylon,Nylon_UV_T1, Dadabacteriia,0,0
UV,T1,Nylon,Nylon_UV_T1, Chloroflexia,0,0
UV,T1,Nylon,Nylon_UV_T1, 028H05-P-BN-P5,0,0
UV,T1,Nylon,Nylon_UV_T1, Latescibacteria,0,0
UV,T1,Nylon,Nylon_UV_T1, Gemmatimonadetes,0,0
UV,T1,Nylon,Nylon_UV_T1, Acidobacteriia,0,0
UV,T1,Nylon,Nylon_UV_T1, Subgroup 22,0,0
UV,T1,Nylon,Nylon_UV_T1, KD4-96,0,0
UV,T1,Nylon,Nylon_UV_T1, Thermoleophilia,0,0
UV,T1,Nylon,Nylon_UV_T1, PAUC43f marine benthic group,0,0
UV,T1,Nylon,Nylon_UV_T1, Spirochaetia,0,0
UV,T1,Nylon,Nylon_UV_T1, Omnitrophia,0,0
UV,T1,Nylon,Nylon_UV_T1, Holophagae,0,0
UV,T1,Nylon,Nylon_UV_T1, Nitrospira,0,0
UV,T1,Nylon,Nylon_UV_T1, MB-A2-108,0,0
UV,T1,Nylon,Nylon_UV_T1, Subgroup 9,0,0
UV,T1,Nylon,Nylon_UV_T1, AT-s3-28,0,0
UV,T1,Nylon,Nylon_UV_T1, Mollicutes,0,0
UV,T1,Nylon,Nylon_UV_T1, Brocadiae,0,0
UV,T1,Nylon,Nylon_UV_T1, Elusimicrobia,0,0
UV,T1,Nylon,Nylon_UV_T1, Subgroup 21,0,0
UV,T1,Nylon,Nylon_UV_T1, Nitriliruptoria,0,0
UV,T1,Nylon,Nylon_UV_T1, Thermoplasmata,0,0
UV,T1,Nylon,Nylon_UV_T1, Subgroup 17,0,0
UV,T1,Nylon,Nylon_UV_T1, Ignavibacteria,0,0
UV,T1,Nylon,Nylon_UV_T1, Cloacimonadia,0,0
UV,T1,Nylon,Nylon_UV_T1, Lineage IIb,0,0
UV,T1,Nylon,Nylon_UV_T1, Erysipelotrichia,0,0
UV,T1,Nylon,Nylon_UV_T1, SPG12-343-353-B69,0,0
UV,T1,Nylon,Nylon_UV_T1, Microgenomatia,0,0
UV,T1,Nylon,Nylon_UV_T1, LD1-PA32,0,0
UV,T1,Nylon,Nylon_UV_T1, Babeliae,0,0
UV,T1,Nylon,Nylon_UV_T1, d142,0,0
UV,T1,Nylon,Nylon_UV_T1, Magnetococcia,0,0
UV,T1,Nylon,Nylon_UV_T1, WCHB1-81,0,0
UV,T1,Nylon,Nylon_UV_T1, ABY1,0,0
no UV,T1,PET,PET_no UV_T1, Oxyphotobacteria,0,0
no UV,T1,PET,PET_no UV_T1, Verrucomicrobiae,0,0
no UV,T1,PET,PET_no UV_T1, Rhodothermia,0,0
no UV,T1,PET,PET_no UV_T1, Planctomycetacia,0,0
no UV,T1,PET,PET_no UV_T1, BD7-11,0,0
no UV,T1,PET,PET_no UV_T1, BD2-11 terrestrial group,0,0
no UV,T1,PET,PET_no UV_T1, Fibrobacteria,0,0
no UV,T1,PET,PET_no UV_T1, Negativicutes,0,0
no UV,T1,PET,PET_no UV_T1, OM190,0,0
no UV,T1,PET,PET_no UV_T1, Saccharimonadia,0,0
no UV,T1,PET,PET_no UV_T1, Parcubacteria,0,0
no UV,T1,PET,PET_no UV_T1, Kiritimatiellae,0,0
no UV,T1,PET,PET_no UV_T1, JG30-KF-CM66,0,0
no UV,T1,PET,PET_no UV_T1, vadinHA49,0,0
no UV,T1,PET,PET_no UV_T1, Thermoanaerobaculia,0,0
no UV,T1,PET,PET_no UV_T1, Lentisphaeria,0,0
no UV,T1,PET,PET_no UV_T1, Blastocatellia (Subgroup 4),0,0
no UV,T1,PET,PET_no UV_T1, Fusobacteriia,0,0
no UV,T1,PET,PET_no UV_T1, Leptospirae,0,0
no UV,T1,PET,PET_no UV_T1, Subgroup 26,0,0
no UV,T1,PET,PET_no UV_T1, Subgroup 6,0,0
no UV,T1,PET,PET_no UV_T1, Calditrichia,0,0
no UV,T1,PET,PET_no UV_T1, Nitrososphaeria,0,0
no UV,T1,PET,PET_no UV_T1, Melainabacteria,0,0
no UV,T1,PET,PET_no UV_T1, Ktedonobacteria,0,0
no UV,T1,PET,PET_no UV_T1, Woesearchaeia,0,0
no UV,T1,PET,PET_no UV_T1, Pla3 lineage,0,0
no UV,T1,PET,PET_no UV_T1, Coriobacteriia,0,0
no UV,T1,PET,PET_no UV_T1, Hydrogenedentia,0,0
no UV,T1,PET,PET_no UV_T1, Pla4 lineage,0,0
no UV,T1,PET,PET_no UV_T1, Dadabacteriia,0,0
no UV,T1,PET,PET_no UV_T1, Gracilibacteria,0,0
no UV,T1,PET,PET_no UV_T1, 028H05-P-BN-P5,0,0
no UV,T1,PET,PET_no UV_T1, Chlamydiae,0,0
no UV,T1,PET,PET_no UV_T1, Latescibacteria,0,0
no UV,T1,PET,PET_no UV_T1, Gemmatimonadetes,0,0
no UV,T1,PET,PET_no UV_T1, Subgroup 22,0,0
no UV,T1,PET,PET_no UV_T1, KD4-96,0,0
no UV,T1,PET,PET_no UV_T1, Thermoleophilia,0,0
no UV,T1,PET,PET_no UV_T1, PAUC43f marine benthic group,0,0
no UV,T1,PET,PET_no UV_T1, Spirochaetia,0,0
no UV,T1,PET,PET_no UV_T1, Omnitrophia,0,0
no UV,T1,PET,PET_no UV_T1, Holophagae,0,0
no UV,T1,PET,PET_no UV_T1, Nitrospira,0,0
no UV,T1,PET,PET_no UV_T1, Campylobacteria,0,0
no UV,T1,PET,PET_no UV_T1, MB-A2-108,0,0
no UV,T1,PET,PET_no UV_T1, Subgroup 9,0,0
no UV,T1,PET,PET_no UV_T1, AT-s3-28,0,0
no UV,T1,PET,PET_no UV_T1, Mollicutes,0,0
no UV,T1,PET,PET_no UV_T1, Sericytochromatia,0,0
no UV,T1,PET,PET_no UV_T1, Brocadiae,0,0
no UV,T1,PET,PET_no UV_T1, Elusimicrobia,0,0
no UV,T1,PET,PET_no UV_T1, Subgroup 21,0,0
no UV,T1,PET,PET_no UV_T1, Nitriliruptoria,0,0
no UV,T1,PET,PET_no UV_T1, Thermoplasmata,0,0
no UV,T1,PET,PET_no UV_T1, Subgroup 17,0,0
no UV,T1,PET,PET_no UV_T1, Ignavibacteria,0,0
no UV,T1,PET,PET_no UV_T1, Cloacimonadia,0,0
no UV,T1,PET,PET_no UV_T1, Lineage IIb,0,0
no UV,T1,PET,PET_no UV_T1, Erysipelotrichia,0,0
no UV,T1,PET,PET_no UV_T1, SPG12-343-353-B69,0,0
no UV,T1,PET,PET_no UV_T1, Microgenomatia,0,0
no UV,T1,PET,PET_no UV_T1, LD1-PA32,0,0
no UV,T1,PET,PET_no UV_T1, Babeliae,0,0
no UV,T1,PET,PET_no UV_T1, d142,0,0
no UV,T1,PET,PET_no UV_T1, Magnetococcia,0,0
no UV,T1,PET,PET_no UV_T1, WCHB1-81,0,0
no UV,T1,PET,PET_no UV_T1, ABY1,0,0
UV,T1,PS,PS_UV_T1, Oxyphotobacteria,0,0
UV,T1,PS,PS_UV_T1, Verrucomicrobiae,0,0
UV,T1,PS,PS_UV_T1, Phycisphaerae,0,0
UV,T1,PS,PS_UV_T1, Rhodothermia,0,0
UV,T1,PS,PS_UV_T1, Acidimicrobiia,0,0
UV,T1,PS,PS_UV_T1, Planctomycetacia,0,0
UV,T1,PS,PS_UV_T1, BD7-11,0,0
UV,T1,PS,PS_UV_T1, BD2-11 terrestrial group,0,0
UV,T1,PS,PS_UV_T1, Fibrobacteria,0,0
UV,T1,PS,PS_UV_T1, Oligosphaeria,0,0
UV,T1,PS,PS_UV_T1, Negativicutes,0,0
UV,T1,PS,PS_UV_T1, OM190,0,0
UV,T1,PS,PS_UV_T1, Saccharimonadia,0,0
UV,T1,PS,PS_UV_T1, Deinococci,0,0
UV,T1,PS,PS_UV_T1, Parcubacteria,0,0
UV,T1,PS,PS_UV_T1, Kiritimatiellae,0,0
UV,T1,PS,PS_UV_T1, JG30-KF-CM66,0,0
UV,T1,PS,PS_UV_T1, vadinHA49,0,0
UV,T1,PS,PS_UV_T1, Thermoanaerobaculia,0,0
UV,T1,PS,PS_UV_T1, Lentisphaeria,0,0
UV,T1,PS,PS_UV_T1, Blastocatellia (Subgroup 4),0,0
UV,T1,PS,PS_UV_T1, Anaerolineae,0,0
UV,T1,PS,PS_UV_T1, Fusobacteriia,0,0
UV,T1,PS,PS_UV_T1, Leptospirae,0,0
UV,T1,PS,PS_UV_T1, Subgroup 26,0,0
UV,T1,PS,PS_UV_T1, Subgroup 6,0,0
UV,T1,PS,PS_UV_T1, Calditrichia,0,0
UV,T1,PS,PS_UV_T1, Nitrososphaeria,0,0
UV,T1,PS,PS_UV_T1, Melainabacteria,0,0
UV,T1,PS,PS_UV_T1, Ktedonobacteria,0,0
UV,T1,PS,PS_UV_T1, Woesearchaeia,0,0
UV,T1,PS,PS_UV_T1, Pla3 lineage,0,0
UV,T1,PS,PS_UV_T1, Coriobacteriia,0,0
UV,T1,PS,PS_UV_T1, Hydrogenedentia,0,0
UV,T1,PS,PS_UV_T1, Pla4 lineage,0,0
UV,T1,PS,PS_UV_T1, Dadabacteriia,0,0
UV,T1,PS,PS_UV_T1, Chloroflexia,0,0
UV,T1,PS,PS_UV_T1, Gracilibacteria,0,0
UV,T1,PS,PS_UV_T1, 028H05-P-BN-P5,0,0
UV,T1,PS,PS_UV_T1, Chlamydiae,0,0
UV,T1,PS,PS_UV_T1, Latescibacteria,0,0
UV,T1,PS,PS_UV_T1, Gemmatimonadetes,0,0
UV,T1,PS,PS_UV_T1, Acidobacteriia,0,0
UV,T1,PS,PS_UV_T1, Subgroup 22,0,0
UV,T1,PS,PS_UV_T1, KD4-96,0,0
UV,T1,PS,PS_UV_T1, Thermoleophilia,0,0
UV,T1,PS,PS_UV_T1, PAUC43f marine benthic group,0,0
UV,T1,PS,PS_UV_T1, Spirochaetia,0,0
UV,T1,PS,PS_UV_T1, Omnitrophia,0,0
UV,T1,PS,PS_UV_T1, Holophagae,0,0
UV,T1,PS,PS_UV_T1, Nitrospira,0,0
UV,T1,PS,PS_UV_T1, Campylobacteria,0,0
UV,T1,PS,PS_UV_T1, MB-A2-108,0,0
UV,T1,PS,PS_UV_T1, Subgroup 9,0,0
UV,T1,PS,PS_UV_T1, AT-s3-28,0,0
UV,T1,PS,PS_UV_T1, Mollicutes,0,0
UV,T1,PS,PS_UV_T1, Sericytochromatia,0,0
UV,T1,PS,PS_UV_T1, Brocadiae,0,0
UV,T1,PS,PS_UV_T1, Elusimicrobia,0,0
UV,T1,PS,PS_UV_T1, Subgroup 21,0,0
UV,T1,PS,PS_UV_T1, Nitriliruptoria,0,0
UV,T1,PS,PS_UV_T1, Thermoplasmata,0,0
UV,T1,PS,PS_UV_T1, Subgroup 17,0,0
UV,T1,PS,PS_UV_T1, Ignavibacteria,0,0
UV,T1,PS,PS_UV_T1, Cloacimonadia,0,0
UV,T1,PS,PS_UV_T1, Lineage IIb,0,0
UV,T1,PS,PS_UV_T1, Erysipelotrichia,0,0
UV,T1,PS,PS_UV_T1, SPG12-343-353-B69,0,0
UV,T1,PS,PS_UV_T1, Microgenomatia,0,0
UV,T1,PS,PS_UV_T1, LD1-PA32,0,0
UV,T1,PS,PS_UV_T1, Babeliae,0,0
UV,T1,PS,PS_UV_T1, d142,0,0
UV,T1,PS,PS_UV_T1, Magnetococcia,0,0
UV,T1,PS,PS_UV_T1, WCHB1-81,0,0
UV,T1,PS,PS_UV_T1, ABY1,0,0
NA,NA,negative_c,negative_c_, Fibrobacteria,0,0
NA,NA,negative_c,negative_c_, Negativicutes,0,0
NA,NA,negative_c,negative_c_, JG30-KF-CM66,0,0
NA,NA,negative_c,negative_c_, Ktedonobacteria,0,0
NA,NA,negative_c,negative_c_, Coriobacteriia,0,0
NA,NA,negative_c,negative_c_, Chloroflexia,0,0
NA,NA,negative_c,negative_c_, Gemmatimonadetes,0,0
NA,NA,negative_c,negative_c_, KD4-96,0,0
NA,NA,negative_c,negative_c_, Spirochaetia,0,0
NA,NA,negative_c,negative_c_, Nitrospira,0,0
NA,NA,negative_c,negative_c_, Campylobacteria,0,0
NA,NA,negative_c,negative_c_, MB-A2-108,0,0
NA,NA,negative_c,negative_c_, AT-s3-28,0,0
NA,NA,negative_c,negative_c_, Mollicutes,0,0
NA,NA,negative_c,negative_c_, Brocadiae,0,0
NA,NA,negative_c,negative_c_, Subgroup 21,0,0
NA,NA,negative_c,negative_c_, Thermoplasmata,0,0
NA,NA,negative_c,negative_c_, Ignavibacteria,0,0
NA,NA,negative_c,negative_c_, Cloacimonadia,0,0
NA,NA,negative_c,negative_c_, Erysipelotrichia,0,0
NA,NA,negative_c,negative_c_, Microgenomatia,0,0
NA,NA,negative_c,negative_c_, Babeliae,0,0
NA,NA,negative_c,negative_c_, d142,0,0
NA,NA,negative_c,negative_c_, Magnetococcia,0,0
NA,NA,negative_c,negative_c_, WCHB1-81,0,0
NA,NA,negative_c,negative_c_, ABY1,0,0
